   0.0000000000000000        1.0000000000000000        0.0000000000000000        5.2000000000000002        0.0000000000000000     
   1.0000000000000000E-002   1.0000000000000000        6.2831853071795868E-002   5.2000000000000002        2.7553590302269778E-002
   2.0000000000000000E-002  0.99607563417174438       0.12541711582351961        5.1998540054122007        5.5106407022378262E-002
   2.9999999999999999E-002  0.98826525144913113       0.18751305511990679        5.1995620264849007        8.2657676664964264E-002
   4.0000000000000001E-002  0.97662178404598321       0.24888166110831011        5.1991240775649832       0.11020662584308261     
   5.0000000000000003E-002  0.96121220575889710       0.30929045342910028        5.1985401770967705       0.13775248129981504     
   6.0000000000000005E-002  0.94211695756151459       0.36851322765162314        5.1978103476207469       0.16529446992987784     
   7.0000000000000007E-002  0.91942934671753551       0.42633074270767612        5.1969346157721521       0.19283181880122718     
   8.0000000000000002E-002  0.89325492516342386       0.48253135066247738        5.1959130122794495       0.22036375517666298     
   8.9999999999999997E-002  0.86371085240233891       0.53691157064096362        5.1947455719626703       0.24788950653543129     
   9.9999999999999992E-002  0.83092524762136988       0.58927660911760249        5.1934323337316366       0.27540830059482491     
  0.10999999999999999       0.79503653520620643       0.63944082908480293        5.1919733405840702       0.30291936533178115     
  0.11999999999999998       0.75619278729094552       0.68722817084359522        5.1903686396035855       0.33042192900447581     
  0.12999999999999998       0.71455106645429223       0.73247252731641688        5.1886182819575737       0.35791522017391142     
  0.13999999999999999       0.67027677116396400       0.77501807687194935        5.1867223228949770       0.38539846772549813     
  0.14999999999999999       0.62354298608426828       0.81471957668257133        5.1846808217439566       0.41287090089062545     
  0.16000000000000000       0.57452983890194886       0.85144261961271683        5.1824938419094533       0.44033174926822255     
  0.17000000000000001       0.52342386489571158       0.88506385756766792        5.1801614508706439       0.46778024284630559     
  0.18000000000000002       0.47041738007758421       0.91547119412319911        5.1776837201782939       0.49521561202350989     
  0.19000000000000003       0.41570786337084886       0.94256394911275720        5.1750607254520062       0.52263708763060546     
  0.20000000000000004       0.35949734796042837       0.96625299767578599        5.1722925463773652       0.55004390095199407     
  0.21000000000000005       0.30199182165748539       0.98646088607317117        5.1693792667029754       0.57743528374718656     
  0.22000000000000006       0.24340063586036526        1.0031219263578670        5.1663209742373972       0.60481046827225937     
  0.23000000000000007       0.18393592246834439        1.0161822717543454        5.1631177608459762       0.63216868730128872     
  0.24000000000000007       0.12381201791221474        1.0255999743528905        5.1597697224475674       0.65950917414776133     
  0.25000000000000006        6.3244893305722125E-002   1.0313450264667974        5.1562769590111532       0.68683116268596167     
  0.26000000000000006        2.4515895934539679E-003   1.0333993867347040        5.1526395745523539       0.71413388737233374     
  0.27000000000000007       -5.8350343526838863E-002   1.0317569917787230        5.1488576771298318       0.74141658326681792     
  0.28000000000000008      -0.11894340619697033        1.0264237539535952        5.1449313788415871       0.76867848605416134     
  0.29000000000000009      -0.17911070583343180        1.0174175454444250        5.1408607958211476       0.79591883206520153     
  0.30000000000000010      -0.23863651474080066        1.0047681686921746        5.1366460482336462       0.82313685829812311     
  0.31000000000000011      -0.29730682921881446       0.98851731284843591        5.1322872602717933       0.85033180243968642     
  0.32000000000000012      -0.35490993142877392       0.96871849568549717        5.1277845601517393       0.87750290288642818     
  0.33000000000000013      -0.41123695520583103       0.94543699011588933        5.1231380801088271       0.90464939876583361     
  0.34000000000000014      -0.46608245689480016       0.91874973420907757        5.1183479563932357       0.93177052995747922     
  0.35000000000000014      -0.51924499214784992       0.88874522333360850        5.1134143292655150       0.95886553711414635     
  0.36000000000000015      -0.57052769945213366       0.85552338280296103        5.1083373429920114       0.98593366168290475     
  0.37000000000000016      -0.61973889095339962       0.81919541916502681        5.1031171458401827        1.0129741459261654     
  0.38000000000000017      -0.66669265090720586       0.77988364805140598        5.0977538900738057        1.0399862329427034     
  0.39000000000000018      -0.71120944182196988       0.73772129629680372        5.0922477319480723        1.0669691666886483     
  0.40000000000000019      -0.75311671805732783       0.69285227585448650        5.0865988317045785        1.0939221919984436     
  0.41000000000000020      -0.79224954630707456       0.64543092687520975        5.0808073535662022        1.1208445546057746     
  0.42000000000000021      -0.82845123202864446       0.59562172718896544        5.0748734657318728        1.1477355011644617     
  0.43000000000000022      -0.86157395048155883       0.54359896533649077        5.0687973403712343        1.1745942792693223     
  0.44000000000000022      -0.89147938060708354       0.48954637424634251        5.0625791536191969        1.2014201374769986     
  0.45000000000000023      -0.91803933952292072       0.43365672264945504        5.0562190855703797        1.2282123253267512     
  0.46000000000000024      -0.94113641492349098       0.37613136137272118        5.0497173202734480        1.2549700933612176     
  0.47000000000000025      -0.96066459217276357       0.31717972176266074        5.0430740457253407        1.2816926931471366     
  0.48000000000000026      -0.97652987235843369       0.25701876366603954        5.0362894538653897        1.3083793772960366     
  0.49000000000000027      -0.98865087705067856       0.19587237064250576        5.0293637405693321        1.3350293994848872     
  0.50000000000000022      -0.99695943498435879       0.13397069041055842        5.0222971056432151        1.3616420144767154     
  0.51000000000000023       -1.0014011453704945        7.1549418937324458E-002   5.0150897528171940        1.3882164781411837     
  0.52000000000000024       -1.0019359120527764        8.8490270784522072E-003   5.0077418897392221        1.4147520474751307     
  0.53000000000000025      -0.99853844227087019       -5.3886070740762085E-002   5.0002537279686337        1.4412479806230745     
  0.54000000000000026      -0.99119870338875260      -0.11640840563764161        4.9926254829696228        1.4677035368976756     
  0.55000000000000027      -0.97992233060881118      -0.17846840025044902        4.9848573741046138        1.4941179768001627     
  0.56000000000000028      -0.96473097843726408      -0.23981536981005538        4.9769496246275269        1.5204905620407165     
  0.57000000000000028      -0.94566260851033579      -0.30019857561072733        4.9689024616769357        1.5468205555588159     
  0.58000000000000029      -0.92277170635015660      -0.35936832719853901        4.9607161162691229        1.5731072215435411     
  0.59000000000000030      -0.89612941971043536      -0.41707712855673545        4.9523908232910276        1.5993498254538365     
  0.60000000000000031      -0.86582361140908293      -0.47308086249358394        4.9439268214930889        1.6255476340387323     
  0.61000000000000032      -0.83195881994049647      -0.52714000635059033        4.9353243534819855        1.6516999153575227     
  0.62000000000000033      -0.79465612172358335      -0.57902087107140054        4.9265836657132684        1.6778059387999027     
  0.63000000000000034      -0.75405288957852012      -0.62849685463107086        4.9177050084838925        1.7038649751060599     
  0.64000000000000035      -0.71030244293695710      -0.67534969985075199        4.9086886359246416        1.7298762963867242     
  0.65000000000000036      -0.66357358637300234      -0.71937074574477278        4.8995348059924515        1.7558391761431724     
  0.66000000000000036      -0.61405003428630001      -0.76036216079673602        4.8902437804626278        1.7817528892871879     
  0.67000000000000037      -0.56192972095829685      -0.79813814596909149        4.8808158249209619        1.8076167121609761     
  0.68000000000000038      -0.50742399671668437      -0.83252609484544515        4.8712512087557442        1.8334299225570332     
  0.69000000000000039      -0.45075671255338018      -0.86336769811218883        4.8615502051496744        1.8591917997379694     
  0.70000000000000040      -0.39216319721513176      -0.89051997962703766        4.8517130910716677        1.8849016244562857     
  0.71000000000000041      -0.33188913248503882      -0.91385625161219575        4.8417401472685624        1.9105586789741031     
  0.72000000000000042      -0.27018933405649070      -0.93326697705778394        4.8316316582567227        1.9361622470828450     
  0.73000000000000043      -0.20732644702440406      -0.94866052822783131        4.8213879123135417        1.9617116141228714     
  0.74000000000000044      -0.14356956653769365      -0.95996383121925100        4.8110092014688419        1.9872060670030656     
  0.75000000000000044       -7.9192795528084559E-002 -0.96712288781799716        4.8004958214961766        2.0126448942203714     
  0.76000000000000045       -1.4473752612924726E-002 -0.97010316740188607        4.7898480719040286        2.0380273858792823     
  0.77000000000000046        5.0307955772630371E-002 -0.96888986332445115        4.7790662559269101        2.0633528337112823     
  0.78000000000000047       0.11487228425587667      -0.96348801003997564        4.7681506805163636        2.0886205310942345     
  0.79000000000000048       0.17894030323569438      -0.95392245915233409        4.7571016563318604        2.1138297730717230     
  0.80000000000000049       0.24223574410295765      -0.94023771454147043        4.7459194977316042        2.1389798563723432     
  0.81000000000000050       0.30448651981662256      -0.92249762869127239        4.7346045227632327        2.1640700794289431     
  0.82000000000000051       0.36542620613308918      -0.90078496426127819        4.7231570531544236        2.1890997423978127     
  0.83000000000000052       0.42479546951671643      -0.87520082676404254        4.7115774143034006        2.2140681471778247     
  0.84000000000000052       0.48234342874400693      -0.84586397588588225        4.6998659352693464        2.2389745974295239     
  0.85000000000000053       0.53782893842267288      -0.81291002448236871        4.6880229487627147        2.2638183985941649     
  0.86000000000000054       0.59102178404304395      -0.77649053555941028        4.6760487911354502        2.2885988579127012     
  0.87000000000000055       0.64170377972201709      -0.73677202859194835        4.6639438023711133        2.3133152844447213     
  0.88000000000000056       0.68966976144509218      -0.69393490731945229        4.6517083260749095        2.3379669890873349     
  0.89000000000000057       0.73472847031509370      -0.64817232168338434        4.6393427094636284        2.3625532845940072     
  0.90000000000000058       0.77670332203278158      -0.59968897683779743        4.6268473033554871        2.3870734855933424     
  0.91000000000000059       0.81543306052285847      -0.54869990217917597        4.6142224621598871        2.4115269086078150     
  0.92000000000000060       0.85077229524073050      -0.49542919312134814        4.6014685438670782        2.4359128720724494     
  0.93000000000000060       0.88259192321740110      -0.44010873790736915        4.5885859100377342        2.4602306963534457     
  0.94000000000000061       0.91077943829427299      -0.38297694112877351        4.5755749257924423        2.4844797037667536     
  0.95000000000000062       0.93523913124465363      -0.32427745484275822        4.5624359598011068        2.5086592185965908     
  0.96000000000000063       0.95589218555886291      -0.26425792727075548        4.5491693842722638        2.5327685671139060     
  0.97000000000000064       0.97267667457560525      -0.20316877805912012        4.5357755749423161        2.5568070775947853     
  0.98000000000000065       0.98554746637001522      -0.14126200801536390        4.5222549110646817        2.5807740803388008     
  0.99000000000000066       0.99447604336006212       -7.8790050131043329E-002   4.5086077753988594        2.6046689076872971     
   1.0000000000000007       0.99945024397388738       -1.6004667592245690E-002   4.4948345541994117        2.6284908940416161     
   1.0100000000000007        1.0004739339409960        4.6844096615103900E-002   4.4809356372048645        2.6522393758812575     
   1.0200000000000007       0.99756661484283993       0.10950891495421315        4.4669114176265241        2.6759136917819704     
   1.0300000000000007       0.99076297749817566       0.17174611289125491        4.4527622921372068        2.6995131824337757     
   1.0400000000000007       0.98011240758201457       0.23331654713742853        4.4384886608598864        2.7230371906589168     
   1.0500000000000007       0.96567845060103241       0.29398642381630974        4.4240909273562501        2.7464850614297336     
   1.0600000000000007       0.94753824299011002       0.35352805656102709        4.4095694986151655        2.7698561418864620     
   1.0700000000000007       0.92578191567089829       0.41172056522292522        4.3949247850410549        2.7931497813549528     
   1.0800000000000007       0.90051197593978671       0.46835051645862003        4.3801572004421745        2.8163653313643131     
   1.0900000000000007       0.87184267304406726       0.52321250795645280        4.3652671620187959        2.8395021456644653     
   1.1000000000000008       0.83989935227472723       0.57610969846888305        4.3502550903512880        2.8625595802436279     
   1.1100000000000008       0.80481780186396468       0.62685428613837824        4.3351214093880950        2.8855369933457151     
   1.1200000000000008       0.76674359643542966       0.67526793784600503        4.3198665464336123        2.9084337454876592     
   1.1300000000000008       0.72583144022403356       0.72118217248012306        4.3044909321359572        2.9312491994766563     
   1.1400000000000008       0.68224451276711795       0.76443870112370982        4.2889950004746327        2.9539827204273363     
   1.1500000000000008       0.63615381927561809       0.80488972719950991        4.2733791887480903        2.9766336757788614     
   1.1600000000000008       0.58773754742708728       0.84239820959901368        4.2576439375611859        2.9992014353119534     
   1.1700000000000008       0.53718043188542841       0.87683809176066896        4.2417896908125350        3.0216853711658542     
   1.1800000000000008       0.48467312744726015       0.90809449956086685        4.2258168956817679        3.0440848578552191     
   1.1900000000000008       0.43041159134354035       0.93606391074387674        4.2097260026166872        3.0663992722869455     
   1.2000000000000008       0.37459647488818165       0.96065429844934402        4.1935174653203298        3.0886279937769396     
   1.2100000000000009       0.31743252436317310       0.98178525120302318        4.1771917407379400        3.1107704040668200     
   1.2200000000000009       0.25912799076197529       0.99938807152241771        4.1607492890438502        3.1328258873405592     
   1.2300000000000009       0.19989404777919506        1.0134058550577565        4.1441905736282774        3.1547938302410641     
   1.2400000000000009       0.13994421723406217        1.0237935519436048        4.1275160610840347        3.1766736218866938     
   1.2500000000000009        7.9493800947221124E-002   1.0305180117802917        4.1107262211931621        3.1984646538877146     
   1.2600000000000009        1.8759317953978723E-002   1.0335580133997553        4.0938215269134774        3.2201663203626922     
   1.2700000000000009       -4.2042054168379348E-002   1.0329042802995287        4.0768024543650494        3.2417780179548181     
   1.2800000000000009      -0.10269303515696621        1.0285594823533042        4.0596694828165942        3.2632991458481717     
   1.2900000000000009      -0.16297679644690696        1.0205382241284855        4.0424230946717961        3.2847291057839145     
   1.3000000000000009      -0.22267751544228637        1.0088670198618805        4.0250637754555525        3.3060673020764169     
   1.3100000000000009      -0.28158093102205128       0.99358425486562074        4.0075920138001475        3.3273131416293147     
   1.3200000000000010      -0.33947490158695848       0.97474013285792382        3.9900083014313483        3.3484660339514960     
   1.3300000000000010      -0.39614996688285792       0.95239660843891105        3.9723131331544295        3.3695253911730165     
   1.3400000000000010      -0.45139991473513597       0.92662730366191748        3.9545070068401245        3.3904906280609413     
   1.3500000000000010      -0.50502235369844917       0.89751740738737928        3.9365904234105025        3.4113611620351136     
   1.3600000000000010      -0.55681929246428541       0.86516355585146687        3.9185638868247721        3.4321364131838497     
   1.3700000000000010      -0.60659772667565015       0.82967369263750834        3.9004279040650127        3.4528158042795569     
   1.3800000000000010      -0.65417023357253967       0.79116690600763651        3.8821829851218306        3.4733987607942782     
   1.3900000000000010      -0.69935557463315989       0.74977324133814094        3.8638296429799430        3.4938847109151574     
   1.4000000000000010      -0.74197930608356200       0.70563348620832489        3.8453683936036880        3.5142730855598288     
   1.4100000000000010      -0.78187439682225290       0.65889892552335516        3.8267997559224605        3.5345633183917284     
   1.4200000000000010      -0.81888185294653737       0.60973106391125509        3.8081242518160754        3.5547548458353280     
   1.4300000000000010      -0.85285134767451232       0.55830131252792314        3.7893424061000571        3.5748471070912879     
   1.4400000000000011      -0.88364185503206893       0.50479063733742591        3.7704547465108553        3.5948395441515344     
   1.4500000000000011      -0.91112228522006733       0.44938916591378220        3.7514618036909884        3.6147316018142539     
   1.4600000000000011      -0.93517211909608533       0.39229574984132159        3.7323641111741130        3.6345227276988092     
   1.4700000000000011      -0.95568203870195845       0.33371747987995037        3.7131622053700211        3.6542123722605755     
   1.4800000000000011      -0.97255455024811632       0.27386915121582484        3.6938566255495635        3.6737999888056945     
   1.4900000000000011      -0.98570459543523714       0.21297267634338371        3.6744479138295030        3.6932850335057488     
   1.5000000000000011      -0.99506014646121399       0.15125644342739303        3.6549366151572928        3.7126669654123545     
   1.5100000000000011       -1.0005627795366170        8.8954618378890501E-002   3.6353232772957855        3.7319452464716720     
   1.5200000000000011       -1.0021682212260601        2.6306389350954688E-002   3.6156084508078687        3.7511193415388355     
   1.5300000000000011      -0.99984686145897861       -3.6444847078019461E-002   3.5957926890410303        3.7701887183923000     
   1.5400000000000011      -0.99358422662553147       -9.9052358113206382E-002   3.5758765481118528        3.7891528477481051     
   1.5500000000000012      -0.98338140580713129      -0.16126700468147123        3.5558605868904367        3.8080112032740576     
   1.5600000000000012      -0.96925542290286471      -0.22283822760672484        3.5357453669847545        3.8267632616038290     
   1.5700000000000012      -0.95123954721975001      -0.28351508762128108        3.5155314527249342        3.8454085023509705     
   1.5800000000000012      -0.92938353501340576      -0.34304735583210971        3.4952194111474735        3.8639464081228456     
   1.5900000000000012      -0.90375379451277948      -0.40118665022327554        3.4748098119793855        3.8823764645344765     
   1.6000000000000012      -0.87443346715342840      -0.45768761269699104        3.4543032276222760        3.9006981602223072     
   1.6100000000000012      -0.84152241809184236      -0.51230912005559293        3.4337002331363515        3.9189109868578824     
   1.6200000000000012      -0.80513712958910610      -0.56481552122878231        3.4130014062243603        3.9370144391614414     
   1.6300000000000012      -0.76541049154293384      -0.61497789198109420        3.3922073272154667        3.9550080149154256     
   1.6400000000000012      -0.72249148431555554      -0.66257529732276310        3.3713185790490572        3.9728912149779023     
   1.6500000000000012      -0.67654475004883596      -0.70739605092369673        3.3503357472584812        3.9906635432959021     
   1.6600000000000013      -0.62775004986946925      -0.74923896002680457        3.3292594199547252        4.0083245069186688     
   1.6700000000000013      -0.57630160575215905      -0.78791454370487135        3.3080901878100208        4.0258736160108270     
   1.6800000000000013      -0.52240732730717365      -0.82324621183448132        3.2868286440413894        4.0433103838654576     
   1.6900000000000013      -0.46628792536418850      -0.85507139189835613        3.2654753843941196        4.0606343269170910     
   1.7000000000000013      -0.40817591590474084      -0.88324259069690281        3.2440310071251823        4.0778449647546111     
   1.7100000000000013      -0.34831451961367266      -0.90762837826835796        3.2224961129865815        4.0949418201340713     
   1.7200000000000013      -0.28695646403430231      -0.92811428179560285        3.2008713052086408        4.1119244189914248     
   1.7300000000000013      -0.22436269697863634      -0.94460357801984463        3.1791571894832282        4.1287922904551664     
   1.7400000000000013      -0.16080102141738603      -0.95701797368192609        3.1573543739469168        4.1455449668588829     
   1.7500000000000013       -9.6544663510061038E-002 -0.96529816475740249        3.1354634691640841        4.1621819837537206     
   1.7600000000000013       -3.1870786690482864E-002 -0.96940426671945990        3.1134850881099507        4.1787028799207588     
   1.7700000000000014        3.2941034240661977E-002 -0.96931610972384430        3.0914198461535549        4.1951071973832983     
   1.7800000000000014        9.7610364279625564E-002 -0.96503339442457370        3.0692683610406699        4.2113944814190569     
   1.7900000000000014       0.16185746939462670      -0.95657570605466724        3.0470312528766574        4.2275642805722802     
   1.8000000000000014       0.22540487225153150      -0.94398238639441912        3.0247091441092628        4.2436161466657580     
   1.8100000000000014       0.28797888711457387      -0.92731226525029142        3.0023026595113507        4.2595496348127551     
   1.8200000000000014       0.34931111892948802      -0.90664325502918830        2.9798124261635803        4.2753643034288480     
   1.8300000000000014       0.40913991226547691      -0.88207181386605482        2.9572390734370235        4.2910597142436746     
   1.8400000000000014       0.46721173672657984      -0.85371228450121073        2.9345832329757231        4.3066354323125919     
   1.8500000000000014       0.52328249661320070      -0.82169611766653972        2.9118455386791933        4.3220910260282439     
   1.8600000000000014       0.57711875398507884      -0.78617099009222746        2.8890266266848634        4.3374260671320393     
   1.8700000000000014       0.62849885580698095      -0.74729982836154762        2.8661271353504638        4.3526401307255380     
   1.8800000000000014       0.67721395750370195      -0.70525975070207725        2.8431477052363552        4.3677327952817473     
   1.8900000000000015       0.72306893696592378      -0.66024093939827189        2.8200889790878017        4.3827036426563266     
   1.9000000000000015       0.76588319478777322      -0.61244545684175100        2.7969516018171876        4.3975522580987034     
   1.9100000000000015       0.80549133823721286      -0.56208601830923932        2.7737362204861795        4.4122782302630963     
   1.9200000000000015       0.84174374812182051      -0.50938473438844889        2.7504434842878331        4.4268811512194501     
   1.9300000000000015       0.87450702927985224      -0.45457183557999703        2.7270740445286452        4.4413606164642783     
   1.9400000000000015       0.90366434687005726      -0.39788439101437650        2.7036285546105527        4.4557162249314173     
   1.9500000000000015       0.92911565192993484      -0.33956503246619685        2.6801076700128781        4.4699475790026888     
   1.9600000000000015       0.95077780080374474      -0.27986069395475471        2.6565120482742208        4.4840542845184750     
   1.9700000000000015       0.96858457399763909      -0.21902137622266935        2.6328423489742989        4.4980359507882026     
   1.9800000000000015       0.98248660079479166      -0.15729894431471536        2.6090992337157379        4.5118921906007383     
   1.9900000000000015       0.99245119655884018       -9.4945965367590784E-002   2.5852833661058097        4.5256226202346950     
   2.0000000000000013       0.99846212007460577       -3.2214592596452485E-002   2.5613954117381219        4.5392268594686493     
   2.0100000000000011        1.0005192585302134        3.0644499648968773E-002   2.5374360381742593        4.5527045315912735     
   2.0200000000000009       0.99863824784691280        9.3383125964909330E-002   2.5134059149253765        4.5660552634113749     
   2.0300000000000007       0.99285003602697308       0.15575654234357028        2.4893057134337453        4.5792786852678500     
   2.0400000000000005       0.98320039703246098       0.21752433918459174        2.4651361070542572        4.5923744310395511     
   2.0500000000000003       0.96974940244582242       0.27845127394061847        2.4408977710358815        4.6053421381550619     
   2.0600000000000001       0.95257085781449380       0.33830804326365227        2.4165913825030811        4.6181814476023852     
   2.0699999999999998       0.93175171016343772       0.39687199522167504        2.3922176204371888        4.6308920039385431     
   2.0799999999999996       0.90739143268791222       0.45392778276450529        2.3677771656577415        4.6434734552990822     
   2.0899999999999994       0.87960139212918453       0.50926796013438014        2.3432707008037790        4.6559254534074919     
   2.0999999999999992       0.84850420380215841       0.56269352434267494        2.3186989103151028        4.6682476535845243     
   2.1099999999999990       0.81423307869833184       0.61401440417339892        2.2940624804135008        4.6804397147574228     
   2.1199999999999988       0.77693116654087158       0.66304989943175874        2.2693620990839358        4.6925012994690496     
   2.1299999999999986       0.73675089812999339       0.70962907333813419        2.2445984560556997        4.7044320738869141     
   2.1399999999999983       0.69385332979382797       0.75359110108076810        2.2197722427835318        4.7162317078120983     
   2.1499999999999981       0.64840749225859917       0.79478557759111745        2.1948841524287017        4.7278998746880756     
   2.1599999999999979       0.60058974577696600       0.83307278760095949        2.1699348798400586        4.7394362516094235     
   2.1699999999999977       0.55058314290828259       0.86832394098666565        2.1449251215350404        4.7508405193304215     
   2.1799999999999975       0.49857679993175613       0.90042137630992924        2.1198555756806465        4.7621123622735411     
   2.1899999999999973       0.44476527749457567       0.92925873533163839        2.0947269420743693        4.7732514685378149     
   2.1999999999999971       0.38934797075283945       0.95474111111203774        2.0695399221250850        4.7842575299070953     
   2.2099999999999969       0.33252850895373853       0.97678517212081439        2.0442952188338990        4.7951302418581934     
   2.2199999999999966       0.27451416413271140       0.99531926456973696        2.0189935367749472        4.8058693035689011     
   2.2299999999999964       0.21551526835860885        1.0102834949519111        1.9936355820761480        4.8164744179258996     
   2.2399999999999962       0.15574463875253036        1.0216297945290116        1.9682220623999074        4.8269452915325513     
   2.2499999999999960        9.5417009331038388E-002   1.0293219672539764        1.9427536869237740        4.8372816347165806     
   2.2599999999999958        3.4748468581033740E-002   1.0333357223541202        1.9172311663210442        4.8474831615376424     
   2.2699999999999956       -2.6044098439160664E-002   1.0336586925306293        1.8916552127413169        4.8575495897947851     
   2.2799999999999954       -8.6743564760744324E-002   1.0302904384567790        1.8660265397910005        4.8674806410338061     
   2.2899999999999952      -0.14713311426906700        1.0232424399806026        1.8403458625137705        4.8772760405545048     
   2.2999999999999949      -0.20699679393805437        1.0125380741595804        1.8146138973709807        4.8869355174178359     
   2.3099999999999947      -0.26612006689625395       0.99821257997657797        1.7888313622220293        4.8964588044529620     
   2.3199999999999945      -0.32429036765328190       0.98031300930905119        1.7629989763046829        4.9058456382642133     
   2.3299999999999943      -0.38129766075345628       0.95889816344884571        1.7371174602153581        4.9150957592379489     
   2.3399999999999941      -0.43693500403206220       0.93403851419922568        1.7111875358893647        4.9242089115493259     
   2.3499999999999939      -0.49099911752845105       0.90581610831074388        1.6852099265811133        4.9331848431689744     
   2.3599999999999937      -0.54329095895834056       0.87432445376013368        1.6591853568442865        4.9420233058695802     
   2.3699999999999934      -0.59361630646448460       0.83966838612878980        1.6331145525119777        4.9507240552323735     
   2.3799999999999932      -0.64178634914952670       0.80196391310220627        1.6069982406767991        4.9592868506535268     
   2.3899999999999930      -0.68761828564659511       0.76133803489196961        1.5808371496709595        4.9677114553504573     
   2.3999999999999928      -0.73093593070143104       0.71792853818103475        1.5546320090463135        4.9759976363680360     
   2.4099999999999926      -0.77157032942419024       0.67188376101500225        1.5283835495543838        4.9841451645847030     
   2.4199999999999924      -0.80936037851949727       0.62336232591143470        1.5020925031263566        4.9921538147184856     
   2.4299999999999922      -0.84415345342030612       0.57253283834086743        1.4757596028530513        5.0000233653329218     
   2.4399999999999920      -0.87580603983568683       0.51957354765253805        1.4493855829648661        5.0077535988428865     
   2.4499999999999917      -0.90418436777662903       0.46467196748086959        1.4229711788116979        5.0153443015203196     
   2.4599999999999915      -0.92916504565003932       0.40802445268163434        1.3965171268428391        5.0227952634998561     
   2.4699999999999913      -0.95063569151309157       0.34983572991599449        1.3700241645868512        5.0301062787843556     
   2.4799999999999911      -0.96849555806293108       0.29031837913285202        1.3434930306314141        5.0372771452503349     
   2.4899999999999909      -0.98265614740675933       0.22969226340164703        1.3169244646031535        5.0443076646532967     
   2.4999999999999907      -0.99304181112228429       0.16818390482510490        1.2903192071474447        5.0511976426329603     
   2.5099999999999905      -0.99959033058771118       0.10602580462004907        1.2636779999081955        5.0579468887183889     
   2.5199999999999902       -1.0022534720447247        4.3455705898961743E-002   1.2370015855076055        5.0645552163330159     
   2.5299999999999900       -1.0009975103696913       -1.9284201781057397E-002   1.2102907075259046        5.0710224427995678     
   2.5399999999999898      -0.99580371508146437       -8.1948136410083194E-002   1.1835461104810696        5.0773483893448867     
   2.5499999999999896      -0.98666879172389232      -0.14428763564980240        1.1567685398085197        5.0835328811046461     
   2.5599999999999894      -0.97360527144365283      -0.20605252587776446        1.1299587418407908        5.0895757471279675     
   2.5699999999999892      -0.95664184135629304      -0.26699194605077148        1.1031174637871899        5.0954768203819318     
   2.5799999999999890      -0.93582360817254251      -0.32685542332423911        1.0762454537134281        5.1012359377559857     
   2.5899999999999888      -0.91121228755995687      -0.38539399633905363        1.0493434605212344        5.1068529400662452     
   2.5999999999999885      -0.88288631185766808      -0.44236138101471373        1.0224122339279502        5.1123276720596973     
   2.6099999999999883      -0.85094084905869327      -0.49751517258635924       0.99545252444610366        5.1176599824182931     
   2.6199999999999881      -0.81548772643663980      -0.55061807651612293       0.96846508336296577        5.1228497237629398     
   2.6299999999999879      -0.77665525283018610      -0.60143915982178564       0.94145066272008826        5.1278967526573878     
   2.6399999999999877      -0.73458793441376047      -0.64975511332640479       0.91441001529282306        5.1328009296120118     
   2.6499999999999875      -0.68944607977585448      -0.69535151437194342       0.88734389456982432        5.1375621190874901     
   2.6599999999999873      -0.64140529129136281      -0.73802407868967490       0.86025305473253344        5.1421801894983741     
   2.6699999999999871      -0.59065584109920266      -0.77757988941216516       0.83313825063464719        5.1466550132165585     
   2.6799999999999868      -0.53740193146293103      -0.81383859067677600       0.80600023778156971        5.1509864665746434     
   2.6899999999999866      -0.48186084087555370      -0.84663353293735222       0.77883977230984869        5.1551744298691924     
   2.6999999999999864      -0.42426195893960933      -0.87581285699378553       0.75165761096659622        5.1592187873638853     
   2.7099999999999862      -0.36484571477390632      -0.90124050388812760       0.72445451108889480        5.1631194272925658     
   2.7199999999999860      -0.30386240542849874      -0.92279713821416698       0.69723123058318914        5.1668762418621830     
   2.7299999999999858      -0.24157093248585873      -0.94038097305079649       0.66998852790466368        5.1704891272556299     
   2.7399999999999856      -0.17823745664322094      -0.95390848565578112       0.64272716203660696        5.1739579836344758     
   2.7499999999999853      -0.11413398156316332      -0.96331501423472154       0.61544789246976317        5.1772827151415912     
   2.7599999999999851       -4.9536879602828897E-002 -0.96855522751035728       0.58815147918167099        5.1804632299036708     
   2.7699999999999849        1.5274626853420617E-002 -0.96960346043171097       0.56083868261599046        5.1834994400336480     
   2.7799999999999847        8.0020013862517794E-002 -0.96645391114511348       0.53351026366181864        5.1863912616330055     
   2.7899999999999845       0.14441901899797741      -0.95912069625755736       0.50616698363299417        5.1891386147939800     
   2.7999999999999843       0.20819320352976473      -0.94763776340980888       0.47880960424739105        5.1917414236016617     
   2.8099999999999841       0.27106749820028081      -0.93205866219181233       0.45143888760620282        5.1941996161359869     
   2.8199999999999839       0.33277171738388950      -0.91245617642449506       0.42405559617321692        5.1965131244736273     
   2.8299999999999836       0.39304202700631014      -0.88892182274935094       0.39666049275408011        5.1986818846897709     
   2.8399999999999834       0.45162235246362042      -0.86156522226223520       0.36925434047555522        5.2007058368597994     
   2.8499999999999832       0.50826571389158937      -0.83051335355746170       0.34183790276476994        5.2025849250608580     
   2.8599999999999830       0.56273547746039310      -0.79590969697567204       0.31441194332845779        5.2043190973733209     
   2.8699999999999828       0.61480651286758536      -0.75791328104471545       0.28697722613219195        5.2059083058821498     
   2.8799999999999826       0.66426624882970520      -0.71669764304599404       0.25953451537961253        5.2073525066781468     
   2.8899999999999824       0.71091562008426235      -0.67244971631726169       0.23208457549164735        5.2086516598591031     
   2.8999999999999821       0.75456990116298528      -0.62536865731337143       0.20462817108572706        5.2098057295308404     
   2.9099999999999819       0.79505942393963014      -0.57566462559399389       0.17716606695499479        5.2108146838081462     
   2.9199999999999817       0.83223017764990292      -0.52355752980454462       0.14969902804751081        5.2116784948156036     
   2.9299999999999815       0.86594429169009512      -0.46927575238271679       0.12222781944545280        5.2123971386883170     
   2.9399999999999813       0.89608040299320102      -0.41305486518271378        9.4753206344311808E-002   5.2129705955725294     
   2.9499999999999811       0.92253391113093186      -0.35513634749110218        6.7275954032084598E-002   5.2133988496261354     
   2.9599999999999809       0.94521712547790093      -0.29576631704334128        3.9796827868462621E-002   5.2136818890190897     
   2.9699999999999807       0.96405930978745913      -0.23519428367091402        1.2316593264018004E-002   5.2138197059337088     
   2.9799999999999804       0.97900663036050484      -0.17367193414800347       -1.5163984340613038E-002   5.2138122965648677     
   2.9899999999999802       0.99002201463807171      -0.11145195569513044       -4.2644139495549030E-002   5.2136596611200909     
   2.9999999999999800       0.99708492751965705       -4.8786904464372047E-002  -7.0123106762483928E-002   5.2133618038195415     
   3.0099999999999798        1.0001910730104417        1.4071875796751586E-002  -9.7600120735509388E-002   5.2129187328959015     
   3.0199999999999796       0.99935202894358888        7.6875280804618015E-002 -0.12507441606193820        5.2123304605941509     
   3.0299999999999794       0.99459482252316034       0.13937741547468016      -0.15254522746312851        5.2115970031712413     
   3.0399999999999792       0.98596145430511628       0.20133650427149960      -0.18001178975530868        5.2107183808956652     
   3.0499999999999790       0.97350837799571266       0.26251574102238301      -0.20747333787040209        5.2096946180469255     
   3.0599999999999787       0.95730594311607575       0.32268407786753461      -0.23492910687685176        5.2085257429148974     
   3.0699999999999785       0.93743780717631642       0.38161695375259203      -0.26237833200044425        5.2072117877990927     
   3.0799999999999783       0.91400032353905469       0.43909696350839678      -0.28982024864513256        5.2057527890078177     
   3.0899999999999781       0.88710191064639998       0.49491446910762932      -0.31725409241385699        5.2041487868572354     
   3.0999999999999779       0.85686240775068367       0.54886815514037479      -0.34467909912936390        5.2023998256703239     
   3.1099999999999777       0.82341242174046481       0.60076553091435991      -0.37209450485502155        5.2005059537757345     
   3.1199999999999775       0.78689266910081113       0.65042338186540194      -0.39949954591563203        5.1984672235065528     
   3.1299999999999772       0.74745331650025582       0.69766817316538621      -0.42689345891823849        5.1962836911989605     
   3.1399999999999770       0.70525332296420518       0.74233640854531024      -0.45427548077292668        5.1939554171907991     
   3.1499999999999768       0.66045978608247169       0.78427494741642012      -0.48164484871361946        5.1914824658200356     
   3.1599999999999766       0.61324729421217183       0.82334128338013246      -0.50900080031886308        5.1888649054231317     
   3.1699999999999764       0.56379728618034797       0.85940378717410493      -0.53634257353260351        5.1861028083333158     
   3.1799999999999762       0.51229741956611274       0.89234191701405174      -0.56366940668495136        5.1831962508787575     
   3.1899999999999760       0.45894094825169351       0.92204639916489273      -0.59098053851293397        5.1801453133806445     
   3.1999999999999758       0.40392610957648428       0.94841938141630788      -0.61827520818123205        5.1769500801511610     
   3.2099999999999755       0.34745552110846789       0.97137456195197480      -0.64555265530289985        5.1736106394913657     
   3.2199999999999753       0.28973558676300915       0.99083729589338621      -0.67281211996006640        5.1701270836889712     
   3.2299999999999751       0.23097591174953036        1.0067446815723387      -0.70005284272461676        5.1664995090160195     
   3.2399999999999749       0.17138872561119317        1.0190456283445881      -0.72727406467885114        5.1627280157264517     
   3.2499999999999747       0.11118831244050263        1.0277009075039301      -0.75447502743612127        5.1588127080535715     
   3.2599999999999745        5.0590447203735664E-002   1.0326831875937776      -0.78165497316144261        5.1547536942073995     
   3.2699999999999743       -1.0188163011690968E-002   1.0339770551444922      -0.80881314459208209        5.1505510863719142     
   3.2799999999999740       -7.0930434101247636E-002   1.0315790215912231      -0.83594878505812120        5.1462050007021771     
   3.2899999999999738      -0.13141945773191488        1.0254975168505380      -0.86306113850299504        5.1417155573213416     
   3.2999999999999736      -0.19143905317847021        1.0157528697561682      -0.89014944950400776        5.1370828803175428     
   3.3099999999999734      -0.25077431957175444        1.0023772752760973      -0.91721296329282598        5.1323070977406653     
   3.3199999999999732      -0.30921218989602500       0.98541474815631114      -0.94425092577595104        5.1273883415989880     
   3.3299999999999730      -0.36654198801678145       0.96492106236208275      -0.97126258355517259        5.1223267478557073     
   3.3399999999999728      -0.42255598993593541       0.94096367541711368      -0.99824718394800438        5.1171224564253368     
   3.3499999999999726      -0.47704999035742435       0.91362163647572237       -1.0252039750081046        5.1117756111699864     
   3.3599999999999723      -0.52982387550270171       0.88298547670535388       -1.0521322055456823        5.1062863598955195     
   3.3699999999999721      -0.58068220294122419       0.84915708030804193       -1.0790311251478908        5.1006548543475931     
   3.3799999999999719      -0.62943478899528971       0.81224953427250679       -1.1058999841992085        5.0948812502075809     
   3.3899999999999717      -0.67589730404056569       0.77238695472614116       -1.1327380339018103        5.0889657070883825     
   3.3999999999999715      -0.71989187575268465       0.72970428755150007       -1.1595445262959259        5.0829083885301243     
   3.4099999999999713      -0.76124770004588627       0.68434708074882078       -1.1863187142801881        5.0767094619957502     
   3.4199999999999711      -0.79980165911166057       0.63647122586882954       -1.2130598516319691        5.0703690988665064     
   3.4299999999999708      -0.83539894559395311       0.58624266571341566       -1.2397671930277037        5.0638874744373243     
   3.4399999999999706      -0.86789369153355034       0.53383706541094367       -1.2664399940631987        5.0572647679121019     
   3.4499999999999704      -0.89714960027930823       0.47943944392375815       -1.2930775112739277        5.0505011623988851     
   3.4599999999999702      -0.92304057910031778       0.42324376304392969       -1.3196790021553082        5.0435968449049531     
   3.4699999999999700      -0.94545136974433031       0.36545247098588884       -1.3462437251829615        5.0365520063318048     
   3.4799999999999698      -0.96427817367836255       0.30627599779785258       -1.3727709398329526        5.0293668414700505     
   3.4899999999999696      -0.97942926822323462       0.24593219999438329       -1.3992599066020086        5.0220415489942090     
   3.4999999999999694      -0.99082560926214513       0.18464575206631664       -1.4257098870277150        5.0145763314574072     
   3.5099999999999691      -0.99840141567304197       0.12264748285743103       -1.4521201437086875        5.0069713952859871     
   3.5199999999999689       -1.0021047301158450        6.0173655214588333E-002  -1.4784899403247191        4.9992269507740144     
   3.5299999999999687       -1.0018979503104151       -2.5348121764969928E-003  -1.5048185416569009        4.9913432120776946     
   3.5399999999999685      -0.99775832448293622       -6.5233181261858897E-002  -1.5311052136077148        4.9833203972096909     
   3.5499999999999683      -0.98967840425181786      -0.12767378920151898       -1.5573492232210988        4.9751587280333460     
   3.5599999999999681      -0.97766644788522672      -0.18960700009282422       -1.5835498387024827        4.9668584302568100     
   3.5699999999999679      -0.96174676660759739      -0.25078221200391621       -1.6097063294387939        4.9584197334270668     
   3.5799999999999677      -0.94196000647903810      -0.31094891654877438       -1.6358179660184331        4.9498428709238667     
   3.5899999999999674      -0.91836335833639982      -0.36985780723126416       -1.6618840202512182        4.9411280799535575     
   3.5999999999999672      -0.89103068838411870      -0.42726193172941435       -1.6879037651882969        4.9322756015428197     
   3.6099999999999670      -0.86005258227153014      -0.48291788220055387       -1.7138764751420270        4.9232856805323024     
   3.6199999999999668      -0.82553629590372446      -0.53658701658428110       -1.7398014257058243        4.9141585655701592     
   3.6299999999999666      -0.78760560681466651      -0.58803670278815434       -1.7656778937739763        4.9048945091054872     
   3.6399999999999664      -0.74640056068989136      -0.63704157658801119       -1.7915051575614238        4.8954937673816632     
   3.6499999999999662      -0.70207710856265271      -0.68338480309077765       -1.8172824966235073        4.8859566004295827     
   3.6599999999999659      -0.65480663131767969      -0.72685933072383691       -1.8430091918756792        4.8762832720607987     
   3.6699999999999657      -0.60477534941058553      -0.76726912596331376       -1.8686845256131819        4.8664740498605594     
   3.6799999999999655      -0.55218361713219155      -0.80443037642515958       -1.8943077815306890        4.8565292051807480     
   3.6899999999999653      -0.49724510229300911      -0.83817264954691562       -1.9198782447419127        4.8464490131327214     
   3.6999999999999651      -0.44018585384519421      -0.86833999391042083       -1.9453952017991740        4.8362337525800481     
   3.7099999999999649      -0.38124326166318301      -0.89479197031778990       -1.9708579407129367        4.8258837061311484     
   3.7199999999999647      -0.32066491443086909      -0.91740460005007041       -1.9962657509713042        4.8153991601318324     
   3.7299999999999645      -0.25870736328987670      -0.93607121831837592       -2.0216179235594796        4.8047804046577403     
   3.7399999999999642      -0.19563480054524746      -0.95070322176132449       -2.0469137509791877        4.7940277335066810     
   3.7499999999999640      -0.13171766425610729      -0.96123069994209132       -2.0721525272680581        4.7831414441908731     
   3.7599999999999638       -6.7231180915205704E-002 -0.96760294213637188       -2.0973335480189710        4.7721218379290837     
   3.7699999999999636       -2.4538596012221286E-003 -0.96978881225356306       -2.1224561103993627        4.7609692196386710     
   3.7799999999999634        6.2334048065157986E-002 -0.96777698646410348       -2.1475195131704927        4.7496838979275262     
   3.7899999999999632       0.12685210714628722      -0.96157604997588508       -2.1725230567066705        4.7382661850859149     
   3.7999999999999630       0.19082126237973410      -0.95121445136620641       -2.1974660430144408        4.7267163970782224     
   3.8099999999999627       0.25396538942326363      -0.93674031488337040       -2.2223477757517300        4.7150348535345978     
   3.8199999999999625       0.31601281904019785      -0.91822111313240640       -2.2471675602469494        4.7032218777425010     
   3.8299999999999623       0.37669781941084429      -0.89574320450138967       -2.2719247035180574        4.6912777966381505     
   3.8399999999999621       0.43576202253444651      -0.86941124151955229       -2.2966185142915800        4.6792029407978726     
   3.8499999999999619       0.49295578172121191      -0.83934745802107991       -2.3212483030215876        4.6669976444293528     
   3.8599999999999617       0.54803944843344865      -0.80569084448022743       -2.3458133819086289        4.6546622453627906     
   3.8699999999999615       0.60078455818054899      -0.76859622215239709       -2.3703130649186219        4.6421970850419534     
   3.8799999999999613       0.65097491676185970      -0.72823322767847365       -2.3947466678017002        4.6296025085151369     
   3.8899999999999610       0.69840757983909951      -0.68478522057107116       -2.4191135081110140        4.6168788644260248     
   3.8999999999999608       0.74289372055983605      -0.63844812649529958       -2.4434129052214879        4.6040265050044527     
   3.9099999999999606       0.78425938170053422      -0.58942922948562249       -2.4676441803485312        4.5910457860570739     
   3.9199999999999604       0.82234611050934980      -0.53794592621465487       -2.4918066565667036        4.5779370669579311     
   3.9299999999999602       0.85701147606667150      -0.48422445516656937       -2.5158996588283347        4.5647007106389283     
   3.9399999999999600       0.88812947051198776      -0.42849861309011827       -2.5399225139820945        4.5513370835802078     
   3.9499999999999598       0.91559079688139389      -0.37100847044154356       -2.5638745507915193        4.5378465558004306     
   3.9599999999999596       0.93930304753965776      -0.31199909670627590       -2.5877550999534882        4.5242295008469613     
   3.9699999999999593       0.95919077825934507      -0.25171930554242894       -2.6115634941166515        4.5104862957859559     
   3.9799999999999591       0.97519548388842903      -0.19042042865116895       -2.6352990678998114        4.4966173211923550     
   3.9899999999999589       0.98727548225429862      -0.12835512618080563       -2.6589611579102530        4.4826229611397821     
   3.9999999999999587       0.99540571347862128       -6.5776240342880210E-002  -2.6825491027620254        4.4685036031903458     
   4.0099999999999589       0.99957746223115129       -2.9356977870707039E-003  -2.7060622430941739        4.4542596383843458     
   4.0199999999999587       0.99979801064207841        5.9916534828265686E-002  -2.7294999215889209        4.4398914612298865     
   4.0299999999999585       0.99609022963556593       0.12253343870076729       -2.7528614829897973        4.4253994696923948     
   4.0399999999999583       0.98849211635748435       0.18467187182295178       -2.7761462741197227        4.4107840651840435     
   4.0499999999999581       0.97705628516506204       0.24609343756936947       -2.7993536438990336        4.3960456525530800     
   4.0599999999999579       0.96184941934287638       0.30656529235810714       -2.8224829433634597        4.3811846400730632     
   4.0699999999999577       0.94295169032590542       0.36586089257503890       -2.8455335256820500        4.3662014394320039     
   4.0799999999999574       0.92045615076331355       0.42376068161818004       -2.8685047461750450        4.3510964657214153     
   4.0899999999999572       0.89446810726235981       0.48005271849409231       -2.8913959623316972        4.3358701374252675     
   4.0999999999999570       0.86510447812514935       0.53453324987973749       -2.9142065338280387        4.3205228764088517     
   4.1099999999999568       0.83249314084528625       0.58700722795454419       -2.9369358225445961        4.3050551079075490     
   4.1199999999999566       0.79677227357863301       0.63728877661323635       -2.9595831925840512        4.2894672605155106     
   4.1299999999999564       0.75808969425251582       0.68520160889573645       -2.9821480102888507        4.2737597661742450     
   4.1399999999999562       0.71660220043940193       0.73057939862249466       -3.0046296442587601        4.2579330601611138     
   4.1499999999999559       0.67247491260133541       0.77326610930862916       -3.0270274653683660        4.2419875810777379     
   4.1599999999999557       0.62588062281583556       0.81311628345518472       -3.0493408467845233        4.2259237708383122     
   4.1699999999999555       0.57699915062681295       0.84999529528748807       -3.0715691639837504        4.2097420746578340     
   4.1799999999999553       0.52601670722845839       0.88377956993564044       -3.0937117947695683        4.1934429410402396     
   4.1899999999999551       0.47312526878812305       0.91435677193695664       -3.1157681192897875        4.1770268217664537     
   4.1999999999999549       0.41852195934720249       0.94162596579050939       -3.1377375200537401        4.1604941718823536     
   4.2099999999999547       0.36240844340753819       0.96549775111526115       -3.1596193819494576        4.1438454496866450     
   4.2199999999999545       0.30499032801489190       0.98589437476042396       -3.1814130922607933        4.1270811167186539     
   4.2299999999999542       0.24647657389024755        1.0027498219940156       -3.2031180406844908        4.1102016377460338     
   4.2399999999999540       0.18707891493339010        1.0160098886568922       -3.2247336193471958        4.0932074807523895     
   4.2499999999999538       0.12701128523055072        1.0256322359181524       -3.2462592228224114        4.0760991169248193     
   4.2599999999999536        6.6489252537965671E-002   1.0315864290065906       -3.2676942481473956        4.0588770206413747     
   4.2699999999999534        5.7294570850355822E-003   1.0338539610243012       -3.2890380948400013        4.0415416694584412     
   4.2799999999999532       -5.5050945556479297E-002   1.0324282626747108       -3.3102901649154552        4.0240935440980383     
   4.2899999999999530      -0.11563483885789214        1.0273146984600834       -3.3314498629030749        4.0065331284350423     
   4.2999999999999527      -0.17580569833186641        1.0185305496245221       -3.3525165958629222        3.9888609094843295     
   4.3099999999999525      -0.23534814451017536        1.0061049838391520       -3.3734897734023912        3.9710773773878407     
   4.3199999999999523      -0.29404849724710042       0.99007901134789367       -3.3943688076927279        3.9531830254015681     
   4.3299999999999521      -0.35169533264525477       0.97050542701640952       -3.4151531134854780        3.9351783498824631     
   4.3399999999999519      -0.40808004382218604       0.94744873745486446       -3.4358421081288633        3.9170638502752637     
   4.3499999999999517      -0.46299740662825883       0.92098507211863589       -3.4564352115840800        3.8988400290992420     
   4.3599999999999515      -0.51624615128854168       0.89120207703180521       -3.4769318464415209        3.8805073919348665     
   4.3699999999999513      -0.56762954077310857       0.85819878952815976       -3.4973314379369165        3.8620664474103816     
   4.3799999999999510      -0.61695595650063617       0.82208549216586091       -3.5176334139673942        3.8435177071882989     
   4.3899999999999508      -0.66403949174877375       0.78298354374758194       -3.5378372051074543        3.8248616859517988     
   4.3999999999999506      -0.70870055288088751       0.74102518517090044       -3.5579422446248632        3.8060989013910418     
   4.4099999999999504      -0.75076646820202697       0.69635331764761599       -3.5779479684964621        3.7872298741893835     
   4.4199999999999502      -0.79007210392717342       0.64912125066950410       -3.5978538154238917        3.7682551280094949     
   4.4299999999999500      -0.82646048638225422       0.59949241696636479       -3.6176592268492356        3.7491751894793852     
   4.4399999999999498      -0.85978342916378925       0.54764005160511187       -3.6373636469705835        3.7299905881783264     
   4.4499999999999496      -0.88990216355777541       0.49374683232157174       -3.6569665227575143        3.7107018566226784     
   4.4599999999999493      -0.91668797006470593       0.43800447816551208       -3.6764673039665041        3.6913095302516155     
   4.4699999999999491      -0.94002280839859309       0.38061330358039835       -3.6958654431562588        3.6718141474127557     
   4.4799999999999489      -0.95979994282774672       0.32178172513887293       -3.7151603957029744        3.6522162493476937     
   4.4899999999999487      -0.97592455920930687       0.26172571831937103       -3.7343516198155284        3.6325163801774396     
   4.4999999999999485      -0.98831436954495677       0.20066822194486150       -3.7534385765506015        3.6127150868877651     
   4.5099999999999483      -0.99690019936011864       0.13883848821722952       -3.7724207298277332        3.5928129193144596     
   4.5199999999999481       -1.0016265526930537        7.6471376675396233E-002  -3.7912975464443104        3.5728104301285009     
   4.5299999999999478       -1.0024521489849769        1.3806590885957839E-002  -3.8100684960904911        3.5527081748211393     
   4.5399999999999476      -0.99935042570038290       -4.8912142755400845E-002  -3.8287330513640638        3.5325067116889022     
   4.5499999999999474      -0.99231000009245118      -0.11143795407428891       -3.8472906877852386        3.5122066018185163     
   4.5599999999999472      -0.98133508317705331      -0.17352176523470980       -3.8657408838113754        3.4918084090717549     
   4.5699999999999470      -0.96644583870677059      -0.23491328230542646       -3.8840831208516429        3.4713127000702082     
   4.5799999999999468      -0.94767867976022990      -0.29536203974765379       -3.9023168832816117        3.4507200441799797     
   4.5899999999999466      -0.92508649549874644      -0.35461849431733333       -3.9204416584577784        3.4300310134963095     
   4.5999999999999464      -0.89873880070793011      -0.41243516384128875       -3.9384569367320177        3.4092461828281260     
   4.6099999999999461      -0.86872180095151741      -0.46856780525413605       -3.9563622114659656        3.3883661296825269     
   4.6199999999999459      -0.83513836653118889      -0.52277662519210244       -3.9741569790453295        3.3673914342491891     
   4.6299999999999457      -0.79810790897969808      -0.57482751535438159       -3.9918407388941239        3.3463226793847078     
   4.6399999999999455      -0.75776615452186247      -0.62449330378877854       -4.0094129934888318        3.3251604505968673     
   4.6499999999999453      -0.71426480982108032      -0.67155501226506142       -4.0268732483724916        3.3039053360288402     
   4.6599999999999451      -0.66777111638522491      -0.71580310899720345       -4.0442210121687054        3.2825579264433178     
   4.6699999999999449      -0.61846729122658695      -0.75703874519589753       -4.0614557965955687        3.2611188152065709     
   4.6799999999999446      -0.56654985274153091      -0.79507496330634264       -4.0785771164795230        3.2395885982724395     
   4.6899999999999444      -0.51222883227607208      -0.82973786434274621       -4.0955844897691298        3.2179678741662538     
   4.6999999999999442      -0.45572687344695961      -0.86086772149679025       -4.1124774375487618        3.1962572439686849     
   4.7099999999999440      -0.39727822296168802      -0.88832002719476955       -4.1292554840522149        3.1744573112995247     
   4.7199999999999438      -0.33712761838782940      -0.91196646102402401       -4.1459181566762382        3.1525686823013968     
   4.7299999999999436      -0.27552908002092302      -0.93169576645378083       -4.1624649859939824        3.1305919656233971     
   4.7399999999999434      -0.21274461564701491      -0.94741452504111667       -4.1788955057683648        3.1085277724046647     
   4.7499999999999432      -0.14904284854587943      -0.95904781783370052       -4.1952092529653511        3.0863767162578819     
   4.7599999999999429       -8.4697580489711585E-002 -0.96653976494295313       -4.2114057677671548        3.0641394132527058     
   4.7699999999999427       -1.9986302717849305E-002 -0.96985393574143930       -4.2274845935853511        3.0418164818991293     
   4.7799999999999425        4.4811331126678455E-002 -0.96897362380586360       -4.2434452770739073        3.0194085431307727     
   4.7899999999999423       0.10941505535989945      -0.96390198254405446       -4.2592873681421288        2.9969162202881061     
   4.7999999999999421       0.17354555070337288      -0.95466201936706208       -4.2750104199675185        2.9743401391016033     
   4.8099999999999419       0.23692599541423670      -0.94129644824804160       -4.2906139890085520        2.9516809276748259     
   4.8199999999999417       0.29928359381262337      -0.92386740249765242       -4.3060976350173652        2.9289392164674397     
   4.8299999999999415       0.36035106732955235      -0.90245601153061339       -4.3214609210523571        2.9061156382781621     
   4.8399999999999412       0.41986809389044244      -0.87716184725077129       -4.3367034134907048        2.8832108282276425     
   4.8499999999999410       0.47758268240261847      -0.84810224739705842       -4.3518246820407915        2.8602254237412739     
   4.8599999999999408       0.53325247030020850      -0.81541152472979306       -4.3668242997545494        2.8371600645319375     
   4.8699999999999406       0.58664593348068683      -0.77924007226235237       -4.3817018430397106        2.8140153925826819     
   4.8799999999999404       0.63754349950313138      -0.73975337583153422       -4.3964568916719724        2.7907920521293330     
   4.8899999999999402       0.68573855656497840      -0.69713094613355420       -4.4110890288070745        2.7674906896430400     
   4.8999999999999400       0.73103835248628624      -0.65156518292292820       -4.4255978409927872        2.7441119538127547     
   4.9099999999999397       0.77326477966332086      -0.60326018437830942       -4.4399829181808075        2.7206564955276451     
   4.9199999999999395       0.81225504366379808      -0.55243051469052007       -4.4542438537385713        2.6971249678594442     
   4.9299999999999393       0.84786221478504575      -0.49929994273851624       -4.4683802444609695        2.6735180260447349     
   4.9399999999999391       0.87995566344904608      -0.44410016430986532       -4.4823916905819781        2.6498363274671690     
   4.9499999999999389       0.90842138173569975      -0.38706951971928766       -4.4962777957861970        2.6260805316396238     
   4.9599999999999387       0.93316219463471228      -0.32845171791114064       -4.5100381672202960        2.6022513001862957     
   4.9699999999999385       0.95409786571052613      -0.26849457723068787       -4.5236724155043717        2.5783492968247286     
   4.9799999999999383       0.97116510281323565      -0.20744879204666089       -4.5371801547432113        2.5543751873477820     
   4.9899999999999380       0.98431747022686378      -0.14556673333563847       -4.5505610025374663        2.5303296396055361     
   4.9999999999999378       0.99352521422557427       -8.3101290227367661E-002  -4.5638145799947303        2.5062133234871351     
   5.0099999999999376       0.99877500941389774       -2.0304758387300621E-002  -4.5769405117405277        2.4820269109025697     
   5.0199999999999374        1.0000696334683592        4.2572219996595925E-002  -4.5899384259292093        2.4577710757643976     
   5.0299999999999372       0.99742757798764614       0.10528166092952303       -4.6028079542547520        2.4334464939694054     
   5.0399999999999370       0.99088260311159493       0.16757918535501309       -4.6155487319614661        2.4090538433802089     
   5.0499999999999368       0.98048324340227322       0.22922490620861941       -4.6281603978546100        2.3845938038067946     
   5.0599999999999365       0.96629227221057501       0.28998425493204522       -4.6406425943109078        2.3600670569880022     
   5.0699999999999363       0.94838613139646366       0.34962874738564820       -4.6529949672889757        2.3354742865729472     
   5.0799999999999361       0.92685433284737428       0.40793668979184611       -4.6652171663396516        2.3108161781023870     
   5.0899999999999359       0.90179883776357406       0.46469382594324909       -4.6773088446162285        2.2860934189900282     
   5.0999999999999357       0.87333341916660134       0.51969392741783571       -4.6892696588845943        2.2613066985037760     
   5.1099999999999355       0.84158301255099766       0.57273932896160251       -4.7010992695332749        2.2364567077469273     
   5.1199999999999353       0.80668305905262139       0.62364141153083164       -4.7127973405833821        2.2115441396393072     
   5.1299999999999351       0.76877884495951132       0.67222103573658798       -4.7243635396984631        2.1865696888983490     
   5.1399999999999348       0.72802484085256247       0.71830892860927187       -4.7357975381942570        2.1615340520201185     
   5.1499999999999346       0.68458404314066734       0.76174602670751324       -4.7470990110483511        2.1364379272602823     
   5.1599999999999344       0.63862732025446711       0.80238377864017540       -4.7582676369097419        2.1112820146150222     
   5.1699999999999342       0.59033276528913803       0.84008441005952894       -4.7693030981083000        2.0860670158018948     
   5.1799999999999340       0.53988505644318585       0.87472115412441231       -4.7802050806641363        2.0607936342406359     
   5.1899999999999338       0.48747482618947979       0.90617845033077316       -4.7909732742968716        2.0354625750339128     
   5.1999999999999336       0.43329803973828002       0.93435211446934019       -4.8016073724348072        2.0100745449480222     
   5.2099999999999334       0.37755538301061820       0.95914948230181452       -4.8121070722240020        1.9846302523935351     
   5.2199999999999331       0.32045166003430947       0.98048952935287659       -4.8224720745372487        1.9591304074058897     
   5.2299999999999329       0.26219519940388930       0.99830296899995086       -4.8327020839829533        1.9335757216259326     
   5.2399999999999327       0.20299726920933550        1.0125323308100029       -4.8427968089139188        1.9079669082804072     
   5.2499999999999325       0.14307149963580093        1.0231320208261190       -4.8527559614360314        1.8823046821623926     
   5.2599999999999323        8.2633312266874467E-002   1.0300683652492226       -4.8625792574168480        1.8565897596116911     
   5.2699999999999321        2.1899354986211313E-002   1.0333196386946089       -4.8722664164940905        1.8308228584951667     
   5.2799999999999319       -3.8913058734129764E-002   1.0328760779312274       -4.8818171620840394        1.8050046981870327     
   5.2899999999999316       -9.9586507446392733E-002   1.0287398817357623       -4.8912312213898357        1.7791359995490930     
   5.2999999999999314      -0.15990401757491296        1.0209251972152167       -4.9005083254096835        1.7532174849109343     
   5.3099999999999312      -0.21964961884995779        1.0094580926724548       -4.9096482089449598        1.7272498780500722     
   5.3199999999999310      -0.27860890066640959       0.99437651681040662       -4.9186506106082266        1.7012339041720510     
   5.3299999999999308      -0.33656957066484106       0.97573024379382800       -4.9275152728311493        1.6751702898904992     
   5.3399999999999306      -0.39332201676208056       0.95358080341408136       -4.9362419418723213        1.6490597632071422     
   5.3499999999999304      -0.44865987375837102       0.92800139533395476       -4.9448303678249896        1.6229030534917717     
   5.3599999999999302      -0.50238059551820480       0.89907678612782649       -4.9532803046246894        1.5967008914621750     
   5.3699999999999299      -0.55428603356126882       0.86690318757953322       -4.9615915100567802        1.5704540091640260     
   5.3799999999999297      -0.60418302270799562       0.83158811445844172       -4.9697637457638875        1.5441631399507374     
   5.3899999999999295      -0.65188397420032140       0.79325021976614729       -4.9777967772532428        1.5178290184632774     
   5.3999999999999293      -0.69720747646181491       0.75201910523503168       -4.9856903739039300        1.4914523806099524     
   5.4099999999999291      -0.73997890337193362       0.70803510466915853       -4.9934443089740252        1.4650339635461564     
   5.4199999999999289      -0.78003102960663362       0.66144903755168327       -5.0010583596076383        1.4385745056540884     
   5.4299999999999287      -0.81720465224212158       0.61242193020559921       -5.0085323068418450        1.4120747465224397     
   5.4399999999999284      -0.85134921743092062       0.56112470169119499       -5.0158659356135109        1.3855354269260509     
   5.4499999999999282      -0.88232345054098782       0.50773781155945374       -5.0230590347660060        1.3589572888055395     
   5.4599999999999280      -0.90999598770150247       0.45245086656154776       -5.0301113970558022        1.3323410752468972     
   5.4699999999999278      -0.93424600622620546       0.39546218344663531       -5.0370228191589517        1.3056875304610571     
   5.4799999999999276      -0.95496385089091851       0.33697830506957915       -5.0437931016774469        1.2789973997634299     
   5.4899999999999274      -0.97205165253142201       0.27721346718322415       -5.0504220491454541        1.2522714295534056     
   5.4999999999999272      -0.98542393490783597       0.21638901351257647       -5.0569094700354249        1.2255103672938230     
   5.5099999999999270      -0.99500820526005374       0.15473275700629610       -5.0632551767640770        1.1987149614903996     
   5.5199999999999267       -1.0007455234651084        9.2478285539361105E-002  -5.0694589856982493        1.1718859616711246     
   5.5299999999999265       -1.0025910442125812        2.9864210803636042E-002  -5.0755207171606296        1.1450241183656105     
   5.5399999999999263       -1.0005145261506996       -3.2866640326876542E-002  -5.0814401954353539        1.1181301830844015     
   5.5499999999999261      -0.99450080153738307       -9.5468092031011961E-002  -5.0872172487734835        1.0912049082982382     
   5.5599999999999259      -0.98455019957209233      -0.15769154272491792       -5.0928517093983574        1.0642490474172770     
   5.5699999999999257      -0.97067891630173952      -0.21928694373565985       -5.0983434135108254        1.0372633547702637     
   5.5799999999999255      -0.95291932380346533      -0.28000383111601351       -5.1036922012943640        1.0102485855836620     
   5.5899999999999253      -0.93132021126521736      -0.33959240729609430       -5.1088979169200774       0.98320549596073703     
   5.5999999999999250      -0.90594695062771868      -0.39780466825460309       -5.1139604085515895       0.95613484286059436     
   5.6099999999999248      -0.87688157963344537      -0.45439557083891552       -5.1188795283498250       0.92903738407717840     
   5.6199999999999246      -0.84422279546265366      -0.50912423378819271       -5.1236551324776860       0.90191387821822933     
   5.6299999999999244      -0.80808585263375521      -0.56175516493961763       -5.1282870811046237       0.87476508468420289     
   5.6399999999999242      -0.76860235951251377      -0.61205950605019899       -5.1327752384111092       0.84759176364715394     
   5.6499999999999240      -0.72591996861459585      -0.65981628567324935       -5.1371194725929996       0.82039467602958671     
   5.6599999999999238      -0.68020195689710228      -0.70481366961933889       -5.1413196558658054       0.79317458348327385     
   5.6699999999999235      -0.63162669340959898      -0.74685019773687744       -5.1453756644688573       0.76593224836804630     
   5.6799999999999233      -0.58038699300080365      -0.78573599509798830       -5.1492873786693707       0.73866843373055591     
   5.6899999999999231      -0.52668935623439728      -0.82129394520021060       -5.1530546827664105       0.71138390328301260     
   5.6999999999999229      -0.47075309723138475      -0.85336081252043705       -5.1566774650947522       0.68407942138189759     
   5.7099999999999227      -0.41280936279634528      -0.88178830170712574       -5.1601556180286421       0.65675575300665390     
   5.7199999999999225      -0.35310004786512711      -0.90644404088783792       -5.1634890379854532       0.62941366373835528     
   5.7299999999999223      -0.29187661399231934      -0.92721247701287501       -5.1666776254292355       0.60205391973835476     
   5.7399999999999221      -0.22939881923562178      -0.94399567185628575       -5.1697212848741616       0.57467728772691307     
   5.7499999999999218      -0.16593336934710606      -0.95671398824888043       -5.1726199248878668       0.54728453496180829     
   5.7599999999999216      -0.10175250160467968      -0.96530665731188192       -5.1753734580946791       0.51987642921692667     
   5.7699999999999214       -3.7132513869213901E-002 -0.96973221887386485       -5.1779818011787446       0.49245373876083565     
   5.7799999999999212        2.7647747504049292E-002 -0.96996882885914171       -5.1804448748870406       0.46501723233533904     
   5.7899999999999210        9.2308426469423915E-002 -0.96601442919704772       -5.1827626040322796       0.43756767913401506     
   5.7999999999999208       0.15657020784473050      -0.95788677767698038       -5.1849349174957045       0.41010584878073747     
   5.8099999999999206       0.22015586439925794      -0.94562333711741609       -5.1869617482297699       0.38263251130818010     
   5.8199999999999203       0.28279178530168103      -0.92928102517956701       -5.1888430332607136       0.35514843713630528     
   5.8299999999999201       0.34420947108759536      -0.90893582808816409       -5.1905787136910160       0.32765439705083632     
   5.8399999999999199       0.40414698092159662      -0.88468228337447208       -5.1921687347017453       0.30015116218171450     
   5.8499999999999197       0.46235031880659050      -0.85663283848451732       -5.1936130455547920       0.27263950398154102     
   5.8599999999999195       0.51857474650625279      -0.82491709365783350       -5.1949115995949873       0.24512019420400399     
   5.8699999999999193       0.57258601226151939      -0.78968093884422019       -5.1960643542521092       0.21759400488229130     
   5.8799999999999191       0.62416148585969955      -0.75108559556083287       -5.1970712710427760       0.19006170830748934     
   5.8899999999999189       0.67309119221277003      -0.70930657548024911       -5.1979323155722224       0.16252407700696839     
   5.8999999999999186       0.71917873727536397      -0.66453256817130246       -5.1986474575359649       0.13498188372275483     
   5.9099999999999184       0.76224212183864692      -0.61696427078615779       -5.1992166707213494       0.10743590138989084     
   5.9199999999999182       0.80211444043105673      -0.56681317260498698       -5.1996399330089860        7.9886903114782026E-002
   5.9299999999999180       0.83864446420123884      -0.51430030722658171       -5.1999172263740681        5.2335662153533337E-002
   5.9399999999999178       0.87169710821720980      -0.45965498484838674       -5.2000485368875760        2.4782951890274043E-002
   5.9499999999999176       0.90115378505880883      -0.40311351653684246       -5.2000338547173675       -2.7704541845279041E-003
   5.9599999999999174       0.92691264788365302      -0.34491794167638024       -5.1998731741291504       -3.0323782495761502E-002
   5.9699999999999172       0.94888872729200691      -0.28531476893309765       -5.1995664934873407       -5.7876259405377793E-002
   5.9799999999999169       0.96701396729124922      -0.22455374010832602       -5.1991138152558056       -8.5427111234103861E-002
   5.9899999999999167       0.98123716645988013      -0.16288662521918498       -5.1985151459984902      -0.11297556428316512     
   5.9999999999999165       0.99152383103359820      -0.10056605605786827       -5.1977704963799294      -0.14052084485601540     
   6.0099999999999163       0.99785594708602698       -3.7844404376908919E-002  -5.1968798811656418      -0.16806217928007425     
   6.0199999999999161        1.0002316792624080        2.5027290250536627E-002  -5.1958433192224112      -0.19559879392847071     
   6.0299999999999159       0.99866500365751987        8.7800338915966183E-002  -5.1946608335184488      -0.22312991524179318     
   6.0399999999999157       0.99318528242323456       0.15022936524909855       -5.1933324511234407      -0.25065476974984463     
   6.0499999999999154       0.98383678756221860       0.21207320868177995       -5.1918582032084801      -0.27817258409340279     
   6.0599999999999152       0.97067818112904369       0.27309576798893015       -5.1902381250458811      -0.30568258504598417     
   6.0699999999999150       0.95378195873545935       0.33306678479469626       -5.1884722560088781      -0.33318399953561212     
   6.0799999999999148       0.93323386285966203       0.39176256744485305       -5.1865606395712085      -0.36067605466658753     
   6.0899999999999146       0.90913227200626801       0.44896665626811466       -5.1845033233065774      -0.38815797774126221     
   6.0999999999999144       0.88158757126953924       0.50447043177916484       -5.1823003588880079      -0.41562899628181382     
   6.1099999999999142       0.85072150933112733       0.55807366781665102       -5.1799518020870741      -0.44308833805202213     
   6.1199999999999140       0.81666654638764091       0.60958503196354008       -5.1774577127730170      -0.47053523107904588     
   6.1299999999999137       0.77956519696362347       0.65882253586978201       -5.1748181549117440      -0.49796890367519941     
   6.1399999999999135       0.73956937103140696       0.70561393829377494       -5.1720331965647119      -0.52538858445972902     
   6.1499999999999133       0.69683971633860797       0.74979710380587805       -5.1691029098876928      -0.55279350238058778     
   6.1599999999999131       0.65154496434313147       0.79122032016072263       -5.1660273711294229      -0.58018288673620866     
   6.1699999999999129       0.60386128167947839       0.82974257735197376       -5.1628066606301362      -0.60755596719727534     
   6.1799999999999127       0.55397162863273386       0.86523381132005217       -5.1594408628199790      -0.63491197382849007     
   6.1899999999999125       0.50206512568060024       0.89757511519646316       -5.1559300662173095      -0.66225013711033776     
   6.1999999999999122       0.44833642878106844       0.92665892084376578       -5.1522743634268791      -0.68956968796084606     
   6.2099999999999120       0.39298511373486372       0.95238915329339235       -5.1484738511378962      -0.71686985775734102     
   6.2199999999999118       0.33621506963810899       0.97468136049955745       -5.1445286301219761      -0.74414987835819713     
   6.2299999999999116       0.27823390116168323       0.99346282062093472       -5.1404388052309704      -0.77140898212458187     
   6.2399999999999114       0.21925233914912765        1.0086726288166799       -5.1362044853946811      -0.79864640194219394     
   6.2499999999999112       0.15948365881402984        1.0202617653033033       -5.1318257836184591      -0.82586137124299452     
   6.2599999999999110        9.9143104639821150E-002   1.0281931461669502       -5.1273028169806842      -0.85305312402693156     
   6.2699999999999108        3.8447320939021153E-002   1.0324416581645159       -5.1226357066301285      -0.88022089488365607     
   6.2799999999999105       -2.2386213085658115E-002   1.0329941784790324       -5.1178245777832032      -0.90736391901423030     
   6.2899999999999103       -8.3139745020015338E-002   1.0298495801219290       -5.1128695597210907      -0.93448143225282720     
   6.2999999999999101      -0.14359580895268567        1.0230187233988570       -5.1077707857867587      -0.96157267108842071     
   6.3099999999999099      -0.20353778454557331        1.0125244335783836       -5.1025283933818590      -0.98863687268646672     
   6.3199999999999097      -0.26275045677633380       0.99840146462547708       -5.0971425239635098       -1.0156732749105741     
   6.3299999999999095      -0.32102057763517250       0.98069644858578309       -5.0916133230409644       -1.0426811163441652     
   6.3399999999999093      -0.37813743099529784       0.95946782993369850       -5.0859409401721623       -1.0696596363121256     
   6.3499999999999091      -0.43389340178388930       0.93478578392877121       -5.0801255289601670       -1.0966080749024436     
   6.3599999999999088      -0.48808455045795862       0.90673211776273799       -5.0741672470494903       -1.1235256729878376     
   6.3699999999999086      -0.54051119363642108       0.87540015302553931       -5.0680662561223020       -1.1504116722473710     
   6.3799999999999084      -0.59097849155540605       0.84089458777519510       -5.0618227218945275       -1.1772653151880563     
   6.3899999999999082      -0.63929704279765964       0.80333133626611941       -5.0554368141118324       -1.2040858451664456     
   6.3999999999999080      -0.68528348649823112       0.76283734417631688       -5.0489087065454967       -1.2308725064102071     
   6.4099999999999078      -0.72876111194703252       0.71955037697940971       -5.0422385769881766       -1.2576245440396892     
   6.4199999999999076      -0.76956047519411774       0.67361877893652022       -5.0354266072495593       -1.2843412040894684     
   6.4299999999999073      -0.80752002191578898       0.62520120004009250       -5.0284729831519055       -1.3110217335298824     
   6.4399999999999071      -0.84248671541954712       0.57446628813166378       -5.0213778945254868       -1.3376653802885461     
   6.4499999999999069      -0.87431666825470167       0.52159234334372639       -5.0141415352039145       -1.3642713932718498     
   6.4599999999999067      -0.90287577545515063       0.46676693198788077       -5.0067641030193624       -1.3908390223864375     
   6.4699999999999065      -0.92804034697433513       0.41018645703351608       -4.9992457997976816       -1.4173675185606649     
   6.4799999999999063      -0.94969773638360910       0.35205568239950447       -4.9915868313534126       -1.4438561337660327     
   6.4899999999999061      -0.96774696239936242       0.29258720842215385       -4.9837874074846882       -1.4703041210385961     
   6.4999999999999059      -0.98209931928761462       0.23200089607208063       -4.9758477419680309       -1.4967107345003456     
   6.5099999999999056      -0.99267897167526864       0.17052323777651923       -4.9677680525530450       -1.5230752293805581     
   6.5199999999999054      -0.99942352878405583       0.10838667306702479       -4.9595485609569963       -1.5493968620371146     
   6.5299999999999052       -1.0022845926071695        4.5828847719752375E-002  -4.9511894928592834       -1.5756748899777833     
   6.5399999999999050       -1.0012282740818783       -1.6908184410563413E-002  -4.9426910778957964       -1.6019085718814645     
   6.5499999999999048      -0.99623567088758647       -7.9578817039854949E-002  -4.9340535496531572       -1.6280971676193963     
   6.5599999999999046      -0.98730330013258860      -0.14193480405486991       -4.9252771456628421       -1.6542399382763175     
   6.5699999999999044      -0.97444347889978988      -0.20372622773841323       -4.9163621073951838       -1.6803361461715902     
   6.5799999999999041      -0.95768464541811726      -0.26470252042192999       -4.9073086802532426       -1.7063850548802768     
   6.5899999999999039      -0.93707161352854362      -0.32461353642603558       -4.8981171135665535       -1.7323859292541750     
   6.5999999999999037      -0.91266575313745779      -0.38321067015024823       -4.8887876605847396       -1.7583380354428104     
   6.6099999999999035      -0.88454508951036581      -0.44024801513144862       -4.8793205784709883       -1.7842406409143881     
   6.6199999999999033      -0.85280431456868699      -0.49548355782517145       -4.8697161282953978       -1.8100930144767040     
   6.6299999999999031      -0.81755470382230988      -0.54868039879664066       -4.8599745750281809       -1.8358944262980208     
   6.6399999999999029      -0.77892393320795883      -0.59960799296433498       -4.8500961875327366       -1.8616441479279076     
   6.6499999999999027      -0.73705579091166240      -0.64804339954511347       -4.8400812385585859       -1.8873414523180483     
   6.6599999999999024      -0.69210978023142111      -0.69377253143564732       -4.8299300047341731       -1.9129856138430195     
   6.6699999999999022      -0.64426061067701523      -0.73659139296016163       -4.8196427665595394       -1.9385759083210401     
   6.6799999999999020      -0.59369757579557980      -0.77630729424933831       -4.8092198083988675       -1.9641116130346947     
   6.6899999999999018      -0.54062381763603296      -0.81274003001855255       -4.7986614184729008       -1.9895920067516299     
   6.6999999999999016      -0.48525547929874729      -0.84572301021191731       -4.7879678888512460       -2.0150163697452261     
   6.7099999999999014      -0.42782074862950598      -0.87510432989475317       -4.7771395154445564       -2.0403839838152438     
   6.7199999999999012      -0.36855879777432637      -0.90074776592906425       -4.7661765979966022       -2.0656941323084412     
   6.7299999999999010      -0.30771862497560337      -0.92253368836634431       -4.7550794400762308       -2.0909461001391678     
   6.7399999999999007      -0.24555780661874066      -0.94035987514453712       -4.7438483490692178       -2.1161391738099251     
   6.7499999999999005      -0.18234116908898923      -0.95414221957849765       -4.7324836361700129       -2.1412726414318999     
   6.7599999999999003      -0.11833939142763730      -0.96381532127499958       -4.7209856163733797       -2.1663457927454624     
   6.7699999999999001       -5.3827551043786476E-002 -0.96933295246518580       -4.7093546084659348       -2.1913579191406320     
   6.7799999999998999        1.0916374195049969E-002 -0.97066839330249466       -4.6975909350175797       -2.2163083136775064     
   6.7899999999998997        7.5613033336038707E-002 -0.96781463138853197       -4.6856949223728348       -2.2411962711066504     
   6.7999999999998995       0.13998324444492188      -0.96078442262307551       -4.6736669006420675       -2.2660210878894489     
   6.8099999999998992       0.20374953640963406      -0.94961021238276644       -4.6615072036926195       -2.2907820622184154     
   6.8199999999998990       0.26663767540129535      -0.93434391796848493       -4.6492161691398302       -2.3154784940374586     
   6.8299999999998988       0.32837816122655322      -0.91505657517524197       -4.6367941383379581       -2.3401096850621061     
   6.8399999999998986       0.38870767936066647      -0.89183785368275370       -4.6242414563709957       -2.3646749387996806     
   6.8499999999998984       0.44737049526803713      -0.86479544769445638       -4.6115584720433835       -2.3891735605694318     
   6.8599999999998982       0.50411977867094260      -0.83405434982669058       -4.5987455378706166       -2.4136048575226199     
   6.8699999999998980       0.55871884668604499      -0.79975601763308757       -4.5858030100697462       -2.4379681386625518     
   6.8799999999998978       0.61094231617453465      -0.76205744331379000       -4.5727312485497773       -2.4622627148645670     
   6.8899999999998975       0.66057715720442023      -0.72113013808479087       -4.5595306169019567       -2.4864878988959753     
   6.8999999999998973       0.70742364115939926      -0.67715904335734423       -4.5462014823899572       -2.5106430054359432     
   6.9099999999998971       0.75129617870449894      -0.63034138129727546       -4.5327442159399558       -2.5347273510953294     
   6.9199999999998969       0.79202404449214225      -0.58088545750315601       -4.5191591921306005       -2.5587402544364695     
   6.9299999999998967       0.82945198712410406      -0.52900942847195587       -4.5054467891828756       -2.5826810359929073     
   6.9399999999998965       0.86344072443958253      -0.47494004622844616       -4.4916073889498538       -2.6065490182890754     
   6.9499999999998963       0.89386732564686389      -0.41891139200292254       -4.4776413769063463       -2.6303435258599204     
   6.9599999999998960       0.92062548313090287      -0.36116361017725424       -4.4635491421384419       -2.6540638852704759     
   6.9699999999998958       0.94362567793260088      -0.30194165291092884       -4.4493310773329409       -2.6777094251353799     
   6.9799999999998956       0.96279524389464788      -0.24149404493707899       -4.4349875787666804       -2.7012794761383381     
   6.9899999999998954       0.97807833629629726      -0.18007167701402718       -4.4205190462957518       -2.7247733710515325     
   6.9999999999998952       0.98943581145355664      -0.11792663546036734       -4.4059258833446142       -2.7481904447549725     
   7.0099999999998950       0.99684502424501953       -5.5311074118958505E-002  -4.3912084968950991       -2.7715300342557909     
   7.0199999999998948        1.0002995508440811        7.5238659870730234E-003  -4.3763672974753067       -2.7947914787074817     
   7.0299999999998946       0.99980884410611781        7.0329085102604633E-002  -4.3614026991483987       -2.8179741194290817     
   7.0399999999998943       0.99539782908751817       0.13285849810655848       -4.3463151195012841       -2.8410772999242928     
   7.0499999999998941       0.98710644607721854       0.19486995056842313       -4.3311049796331975       -2.8641003659005464     
   7.0599999999998939       0.97498914831676853       0.25612607615676242       -4.3157727041441740       -2.8870426652880075     
   7.0699999999998937       0.95911436128852667       0.31639509487047845       -4.3003187211234168       -2.9099035482585203     
   7.0799999999998935       0.93956391007992324       0.37545155228727511       -4.2847434621375591       -2.9326823672444928     
   7.0899999999998933       0.91643242090082322       0.43307700065859778       -4.2690473622188234       -2.9553784769577205     
   7.0999999999998931       0.88982670235597228       0.48906062322546817       -4.2532308598530753       -2.9779912344081483     
   7.1099999999998929       0.85986511156922762       0.54319980358631637       -4.2372943969677719       -3.0005199989225702     
   7.1199999999998926       0.82667690973330732       0.59530064231905078       -4.2212384189198060       -3.0229641321632670     
   7.1299999999998924       0.79040161112920460       0.64517842334944220       -4.2050633744832489       -3.0453229981465801     
   7.1399999999998922       0.75118832913276246       0.69265803277165050       -4.1887697158369877       -3.0675959632614216     
   7.1499999999998920       0.70919512221025027       0.73757433297028807       -4.1723578985522600       -3.0897823962877204     
   7.1599999999998918       0.66458834240675313       0.77977249497308121       -4.1558283815800863       -3.1118816684148025     
   7.1699999999998916       0.61754198835607410       0.81910829198541124       -4.1391816272385986       -3.1338931532597059     
   7.1799999999998914       0.56823706439273547       0.85544835702920985       -4.1224181012002692       -3.1558162268854297     
   7.1899999999998911       0.51686094692855922       0.88867040753507454       -4.1055382724790359       -3.1776502678191165     
   7.1999999999998909       0.46360675887028102       0.91866343962397878       -4.0885426134173271       -3.1993946570701666     
   7.2099999999998907       0.40867275250199669       0.94532789466910083       -4.0714315996729828       -3.2210487781482851     
   7.2199999999998905       0.35226170093760645       0.96857580055415704       -4.0542057102060785       -3.2426120170814601     
   7.2299999999998903       0.29458029796395013       0.98833088984679140       -4.0368654272656466       -3.2640837624338723     
   7.2399999999998901       0.23583856584477705        1.0045286968881471       -4.0194112363762979       -3.2854634053237342     
   7.2499999999998899       0.17624927043856300        1.0171166355663510       -4.0018436263247450       -3.3067503394410598     
   7.2599999999998897       0.11602734279880168        1.0260540592954599       -3.9841630891462221       -3.3279439610653632     
   7.2699999999998894        5.5389306273010204E-002   1.0313123044652024       -3.9663701201108106       -3.3490436690832861     
   7.2799999999998892       -5.4472920044511793E-003   1.0328747183630107       -3.9484652177096629       -3.3700488650061535     
   7.2899999999998890       -6.6264446421228237E-002   1.0307366723004510       -3.9304488836411284       -3.3909589529874569     
   7.2999999999998888      -0.12684425625358201        1.0249055604030823       -3.9123216227967821       -3.4117733398402650     
   7.3099999999998886      -0.18696948837791832        1.0154007842476476       -3.8940839432473546       -3.4324914350545606     
   7.3199999999998884      -0.24642414061619408        1.0022537232548723       -3.8757363562285656       -3.4531126508145040     
   7.3299999999998882      -0.30499400697676088       0.98550769047151066       -3.8572793761268591       -3.4736364020156221     
   7.3399999999998879      -0.36246724599551755       0.96521787310313556       -3.8387135204650433       -3.4940621062819228     
   7.3499999999998877      -0.41863495329598183       0.94145125689113318       -3.8200393098878340       -3.5143891839829342     
   7.3599999999998875      -0.47329173937062530       0.91428653316517761       -3.8012572681473009       -3.5346170582506677     
   7.3699999999998873      -0.52623631343899546       0.88381398714811010       -3.7823679220882203       -3.5547451549965072     
   7.3799999999998871      -0.57727207406014480       0.85013536584588634       -3.7633718016333306       -3.5747729029280189     
   7.3899999999998869      -0.62620770696705486       0.81336372362367670       -3.7442694397684955       -3.5946997335656876     
   7.3999999999998867      -0.67285779034849458       0.77362324335329247       -3.7250613725277697       -3.6145250812595755     
   7.4099999999998865      -0.71704340752862727       0.73104903082026884       -3.7057481389783749       -3.6342483832059020     
   7.4199999999998862      -0.75859276668645781       0.68578687990503029       -3.6863302812055787       -3.6538690794635493     
   7.4299999999998860      -0.79734182691600886       0.63799300590592112       -3.6668083442974835       -3.6733866129704889     
   7.4399999999998858      -0.83313492955450752       0.58783374425731150       -3.6471828763297216       -3.6928004295601315     
   7.4499999999998856      -0.86582543330101758       0.53548521181872233       -3.6274544283500600       -3.7121099779775997     
   7.4599999999998854      -0.89527635121376692       0.48113292787659850       -3.6076235543629140       -3.7313147098959223     
   7.4699999999998852      -0.92136098721365234       0.42497139201495532       -3.5876908113137711       -3.7504140799321530     
   7.4799999999998850      -0.94396356923783531       0.36720361608080221       -3.5676567590735253       -3.7694075456634097     
   7.4899999999998847      -0.96297987568589183       0.30804060760125540       -3.5475219604227246       -3.7882945676428381     
   7.4999999999998845      -0.97831785128784221       0.24770080220771745       -3.5272869810357301       -3.8070746094154977     
   7.5099999999998843      -0.98989820800612727       0.18640944289423167       -3.5069523894647907       -3.8257471375341696     
   7.5199999999998841      -0.99765500607122681       0.12439790428732631       -3.4865187571240326       -3.8443116215750881     
   7.5299999999998839       -1.0015362097536233        6.1902960537679894E-002  -3.4659866582733661       -3.8627675341535936     
   7.5399999999998837       -1.0015042120051323       -8.3400403711393557E-004  -3.4453566700023113       -3.8811143509397068     
   7.5499999999998835      -0.99753632167356798       -6.3567841822965626E-002  -3.4246293722137433       -3.8993515506736243     
   7.5599999999998833      -0.98962520662079290      -0.12605054586361367       -3.4038053476075594       -3.9174786151811336     
   7.5699999999998830      -0.97777928577089745      -0.18803220969154480       -3.3828851816642684       -3.9354950293889472     
   7.5799999999998828      -0.96202306289867090      -0.24926204097100035       -3.3618694626285066       -3.9534002813399525     
   7.5899999999998826      -0.94239739485495144      -0.30948942596042311       -3.3407587814924762       -3.9711938622083749     
   7.5999999999998824      -0.91895968693084085      -0.36846504081405174       -3.3195537319793122       -3.9888752663148543     
   7.6099999999998822      -0.89178400820214820      -0.42594200470997212       -3.2982549105263765       -4.0064439911414294     
   7.6199999999998820      -0.86096111998215885      -0.48167706873291793       -3.2768629162684775       -4.0238995373464252     
   7.6299999999998818      -0.82659841095589481      -0.53543183337587996       -3.2553783510210157       -4.0412414087792463     
   7.6399999999998816      -0.78881973318028942      -0.58697398647953225       -3.2338018192630567       -4.0584691124950636     
   7.6499999999998813      -0.74776513391608235      -0.63607855242956746       -3.2121339281203252       -4.0755821587693983     
   7.6599999999998811      -0.70359047920810169      -0.68252914250812113       -3.1903752873481208       -4.0925800611125949     
   7.6699999999998809      -0.65646696624510270      -0.72611919547652182       -3.1685265093141535       -4.1094623362841833     
   7.6799999999998807      -0.60658052279701069      -0.76665319678271249       -3.1465882089812922       -4.1262285043071287     
   7.6899999999998805      -0.55413109342894418      -0.80394786426690390       -3.1245610038902276       -4.1428780884819636     
   7.6999999999998803      -0.49933181370457524      -0.83783328791016543       -3.1024455141420444       -4.1594106154008088     
   7.7099999999998801      -0.44240807518744024      -0.86815401105603218       -3.0802423623806994       -4.1758256149612762     
   7.7199999999998798      -0.38359648569394017      -0.89477004065335952       -3.0579521737754050       -4.1921226203802595     
   7.7299999999998796      -0.32314373090800813      -0.91755777443222319       -3.0355755760029166       -4.2083011682076172     
   7.7399999999998794      -0.26130534509378622      -0.93641083353939802       -3.0131131992297231       -4.2243607983397435     
   7.7499999999998792      -0.19834440019651989      -0.95124079002398354       -2.9905656760941413       -4.2403010540330390     
   7.7599999999998790      -0.13453012406053041      -0.96197777966715792       -2.9679336416883149       -4.2561214819172770     
   7.7699999999998788       -7.0136459775437004E-002 -0.96857099197478691       -2.9452177335401202       -4.2718216320088747     
   7.7799999999998786       -5.4405792499162579E-003 -0.97098903067182196       -2.9224185915949823       -4.2874010577240673     
   7.7899999999998784        5.9278635026744811E-002 -0.96922013972008514       -2.8995368581976035       -4.3028593158919914     
   7.7999999999998781       0.12374212546782164      -0.96327229168708384       -2.8765731780736079       -4.3181959667676768     
   7.8099999999998779       0.18767219721512290      -0.95317313717914676       -2.8535281983111052       -4.3334105740449491     
   7.8199999999998777       0.25079404335475347      -0.93896981597058449       -2.8304025683421767       -4.3485027048692437     
   7.8299999999998775       0.31283724280361347      -0.92072863236364078       -2.8071969399242884       -4.3634719298503324     
   7.8399999999998773       0.37353721665920248      -0.89853459915420597       -2.7839119671216310       -4.3783178230749602     
   7.8499999999998771       0.43263662957857524      -0.87249085631053713       -2.7605483062863927       -4.3930399621193930     
   7.8599999999998769       0.48988672376327824      -0.84271797205562726       -2.7371066160399629       -4.4076379280618756     
   7.8699999999998766       0.54504857434500464      -0.80935313544305809       -2.7135875572540717       -4.4221113054949965     
   7.8799999999998764       0.59789425635530535      -0.77254925070260605       -2.6899917930318660       -4.4364596825379596     
   7.8899999999998762       0.64820791498186592      -0.73247394458460569       -2.6663199886889206       -4.4506826508487620     
   7.8999999999998760       0.69578673242129152      -0.68930849863820709       -2.6425728117341896       -4.4647798056362760     
   7.9099999999998758       0.74044178629119251      -0.64324671881339779       -2.6187509318508937       -4.4787507456722322     
   7.9199999999998756       0.78199879622090085      -0.59449375498298673       -2.5948550208773478       -4.4925950733031046     
   7.9299999999998754       0.82029875686116471      -0.54326488294883191       -2.5708857527877265       -4.5063123944618955     
   7.9399999999998752       0.85519845710323594      -0.48978426124286201       -2.5468438036727687       -4.5199023186798177     
   7.9499999999998749       0.88657088674617379      -0.43428367457950995       -2.5227298517204226       -4.5333644590978750     
   7.9599999999998747       0.91430553317262830      -0.37700127518763310       -2.4985445771964283       -4.5466984324783404     
   7.9699999999998745       0.93830857176830917      -0.31818033247514027       -2.4742886624248408       -4.5599038592161270     
   7.9799999999998743       0.95850295483512693      -0.25806800058815965       -2.4499627917684923       -4.5729803633500570     
   7.9899999999998741       0.97482840459468434      -0.19691411244875723       -2.4255676516093940       -4.5859275725740227     
   7.9999999999998739       0.98724131655480707      -0.13497000782032154       -2.4011039303290773       -4.5987451182480408     
   8.0099999999998737       0.99571458001937896       -7.2487401885531363E-002  -2.3765723182888756       -4.6114326354091997     
   8.0199999999998735        1.0002373228672832       -9.7172997537754158E-003  -2.3519735078101460       -4.6239897627825011     
   8.0299999999998732        1.0008145879195873        5.3091038734374318E-002  -2.3273081931544315       -4.6364161427915889     
   8.0399999999998730       0.99746694826775961       0.11569108054905915       -2.3025770705035637       -4.6487114215693746     
   8.0499999999998728       0.99023006886410281       0.17783994495948180       -2.2777808379397073       -4.6608752489685488     
   8.0599999999998726       0.97915422149441578       0.23929927145831070       -2.2529201954253448       -4.6729072785719872     
   8.0699999999998724       0.96430375997837081       0.29983602942461957       -2.2279958447832051       -4.6848071677030436     
   8.0799999999998722       0.94575656209149472       0.35922326955760187       -2.2030084896761331       -4.6965745774357330     
   8.0899999999998720       0.92360344428976560       0.41724081775624966       -2.1779588355869017       -4.7082091726048070     
   8.0999999999998717       0.89794755485866506       0.47367591267506831       -2.1528475897979691       -4.7197106218157137     
   8.1099999999998715       0.86890375061692227       0.52832378865353979       -2.1276754613711781       -4.7310785974544496     
   8.1199999999998713       0.83659796179370716       0.58098820609998936       -2.1024431611274008       -4.7423127756972976     
   8.1299999999998711       0.80116654917781260       0.63148193171265765       -2.0771514016261272       -4.7534128365204555     
   8.1399999999998709       0.76275565711806481       0.67962717114705551       -2.0518008971450010       -4.7643784637095505     
   8.1499999999998707       0.72152056544401300       0.72525595689472033       -2.0263923636593004       -4.7752093448690403     
   8.1599999999998705       0.67762504288165581       0.76821049423037435       -2.0009265188213656       -4.7859051714315033     
   8.1699999999998703       0.63124070406602717       0.80834346811848312       -1.9754040819399741       -4.7964656386668141     
   8.1799999999998700       0.58254637180513802       0.84551831395260735       -1.9498257739596632       -4.8068904456912058     
   8.1899999999998698       0.53172744583124043       0.87960945493785592       -1.9241923174400020       -4.8171792954762198     
   8.1999999999998696       0.47897527888788266       0.91050250882403116       -1.8985044365348116       -4.8273318948575392     
   8.2099999999998694       0.42448656064621698       0.93809446656018414       -1.8727628569713357       -4.8373479545437092     
   8.2199999999998692       0.36846270962229821       0.96229384527531980       -1.8469683060293614       -4.8472271891247427     
   8.2299999999998690       0.31110927297895247       0.98302081779949646       -1.8211215125202911       -4.8569693170806101     
   8.2399999999998688       0.25263533384108378        1.0002073207286664       -1.7952232067661660       -4.8665740607896142     
   8.2499999999998685       0.19325292553162382        1.0137971428089532       -1.7692741205786420       -4.8760411465366511     
   8.2599999999998683       0.13317645194613903        1.0237459951748662       -1.7432749872379187       -4.8853703045213539     
   8.2699999999998681        7.2622113126720192E-002   1.0300215647240123       -1.7172265414716219       -4.8945612688661182     
   8.2799999999998679        1.1807334969508211E-002   1.0326035516506151       -1.6911295194336400       -4.9036137776240150     
   8.2899999999998677       -4.9049798095581298E-002   1.0314836918937333       -1.6649846586829162       -4.9125275727865851     
   8.2999999999998675      -0.10973110868022197        1.0266657649853517       -1.6387926981621954       -4.9213024002915162     
   8.3099999999998673      -0.17001889153172856        1.0181655875102043       -1.6125543781767278       -4.9299380100302033     
   8.3199999999998671      -0.22969647941641178        1.0060109921148503       -1.5862704403729289       -4.9384341558551919     
   8.3299999999998668      -0.28854881104063462       0.99024179172967886       -1.5599416277169977       -4.9467905955875029     
   8.3399999999998666      -0.34636300220640615       0.97090972839570566       -1.5335686844734926       -4.9550070910238393     
   8.3499999999998664      -0.40292892131715241       0.94807840581986458       -1.5071523561838656       -4.9630834079436754     
   8.3599999999998662      -0.45803977023803932       0.92182320451974542       -1.4806933896449566       -4.9710193161162284     
   8.3699999999998660      -0.51149267137333021       0.89223117816338315       -1.4541925328874479       -4.9788145893073077     
   8.3799999999998658      -0.56308926165011086       0.85940092946400215       -1.4276505351542783       -4.9864690052860503     
   8.3899999999998656      -0.61263629389265395       0.82344246375615893       -1.4010681468790196       -4.9939823458315340     
   8.3999999999998654      -0.65994624583412087       0.78447701816146642       -1.3744461196642144       -5.0013543967392708     
   8.4099999999998651      -0.70483793674173978       0.74263686405241092       -1.3477852062596760       -5.0085849478275826     
   8.4199999999998649      -0.74713715132780456       0.69806508034552339       -1.3210861605407527       -5.0156737929438560     
   8.4299999999998647      -0.78667727028189782       0.65091529500464396       -1.2943497374865540       -5.0226207299706793     
   8.4399999999998645      -0.82329990639018058       0.60135139201598564       -1.2675766931581429       -5.0294255608318572     
   8.4499999999998643      -0.85685554480652515       0.54954718101437450       -1.2407677846766911       -5.0360880914983062     
   8.4599999999998641      -0.88720418560952186       0.49568602670002559       -1.2139237702016012       -5.0426081319938305     
   8.4699999999998639      -0.91421598632163714       0.43996043519343969       -1.1870454089085940       -5.0489854964007783     
   8.4799999999998636      -0.93777190158571999       0.38257159453863204       -1.1601334609677623       -5.0552200028655774     
   8.4899999999998634      -0.95776431669444406       0.32372886668816470       -1.1331886875215920       -5.0613114736041505     
   8.4999999999998632      -0.97409767115619228       0.26364922849349015       -1.1062118506629504       -5.0672597349072115     
   8.5099999999998630      -0.98668906796375178       0.20255665948675949       -1.0792037134130428       -5.0730646171454410     
   8.5199999999998628      -0.99546886371883403       0.14068147458077324       -1.0521650396993381       -5.0787259547745451     
   8.5299999999998626       -1.0003812342661726        7.8259600236576729E-002  -1.0250965943334627       -5.0842435863401922     
   8.5399999999998624       -1.0013847100175346        1.5531793156572283E-002 -0.99799914298906511       -5.0896173544828320     
   8.5499999999998622      -0.99845267471153287       -4.7257198843335797E-002 -0.97087345217965038       -5.0948471059423976     
   8.5599999999998619      -0.99157382097398017      -0.10985953344628029      -0.94372028923638607       -5.0999326915628895     
   8.5699999999998617      -0.98075255573100151      -0.17202522682787505      -0.91654042228587973       -5.1048739662968412     
   8.5799999999998615      -0.96600934829919549      -0.23350316107953750      -0.88933462022792931       -5.1096707892096704     
   8.5899999999998613      -0.94738101385001972      -0.29404214319153671      -0.86210365271324707       -5.1143230234839132     
   8.5999999999998611      -0.92492092493521627      -0.35339201174561946      -0.83484829012115847       -5.1188305364233440     
   8.6099999999998609      -0.89869914388156558      -0.41130478644051804      -0.80756930353727674       -5.1231931994569813     
   8.6199999999998607      -0.86880246913009340      -0.46753585451819957      -0.78026746473115494       -5.1274108881429799     
   8.6299999999998604      -0.83533438901832369      -0.52184518709530614      -0.75294354613391690       -5.1314834821724098     
   8.6399999999998602      -0.79841493709251166      -0.57399857735679760      -0.72559832081586906       -5.1354108653729220     
   8.6499999999998600      -0.75818044379448168      -0.62376889156388393      -0.69823256246409493       -5.1391929257123028     
   8.6599999999998598      -0.71478318029473498      -0.67093732289445707      -0.67084704536003448       -5.1428295553019137     
   8.6699999999998596      -0.66839089133481522      -0.71529463730114018      -0.64344254435705039       -5.1463206504000176     
   8.6799999999998594      -0.61918621518691264      -0.75664239986976189      -0.61601983485798417       -5.1496661114149926     
   8.6899999999998592      -0.56736599022092427      -0.79479416961867311      -0.58857969279270383       -5.1528658429084242     
   8.6999999999998590      -0.51314044906638956      -0.82957665032394978      -0.56112289459564535       -5.1559197535980825     
   8.7099999999998587      -0.45673230294096251      -0.86083078481094177      -0.53365021718335048       -5.1588277563607763     
   8.7199999999998585      -0.39837572035532948      -0.88841278023805270      -0.50616243793200189       -5.1615897682350802     
   8.7299999999998583      -0.33831520605937299      -0.91219505222756925      -0.47866033465495678       -5.1642057104239338     
   8.7399999999998581      -0.27680438772533678      -0.93206707627754959      -0.45114468558027987       -5.1666755082971063     
   8.7499999999998579      -0.21410471942830064      -0.94793613571747992      -0.42361626932827540       -5.1689990913935251     
   8.7599999999998577      -0.15048411243961624      -0.95972795653985221      -0.39607586488901725       -5.1711763934234618     
   8.7699999999998575       -8.6215505153605168E-002 -0.96738722073310990      -0.36852425159987573       -5.1732073522705733     
   8.7799999999998573       -2.1575385083330935E-002 -0.97087795123375376      -0.34096220912303932       -5.1750919099937960     
   8.7899999999998570        4.3157723246131319E-002 -0.97018376327473910      -0.31339051742302837       -5.1768300128290905     
   8.7999999999998568       0.10770479003634760      -0.96530797869531271      -0.28580995674419868       -5.1784216111910357     
   8.8099999999998566       0.17178781674392926      -0.95627360165090014      -0.25822130758823203       -5.1798666596742740     
   8.8199999999998564       0.23513136246720429      -0.94312315607403130      -0.23062535069161144       -5.1811651170548076     
   8.8299999999998562       0.29746404545541416      -0.92591838714053920      -0.20302286700307895       -5.1823169462911522     
   8.8399999999998560       0.35852000547920360      -0.90473983084171139      -0.17541463766107482       -5.1833221145253425     
   8.8499999999998558       0.41804031353939203      -0.87968625750726304      -0.14780144397115727       -5.1841805930838039     
   8.8599999999998555       0.47577431636984824      -0.85087399672444741      -0.12018406738340282       -5.1848923574780867     
   8.8699999999998553       0.53148090437964568      -0.81843615251929214       -9.2563289469787938E-002  -5.1854573874054717     
   8.8799999999998551       0.58492969304386200      -0.78252171887750976       -6.4939891901553345E-002  -5.1858756667494479     
   8.8899999999998549       0.63590210925165969      -0.74329460666327718       -3.7314656426552718E-002  -5.1861471835800668     
   8.8999999999998547       0.68419237571253899      -0.70093259373003458       -9.6883648465880788E-003  -5.1862719301541755     
   8.9099999999998545       0.72960838816412510      -0.65562621050305414        1.7938201005265730E-002  -5.1862499029155344     
   8.9199999999998543       0.77197248177571143      -0.60757757355094433        4.5564259287344915E-002  -5.1860811024948168     
   8.9299999999998541       0.81112208476163616      -0.55699917966188028        7.3189028172086432E-002  -5.1857655337094934     
   8.9399999999998538       0.84691025877166515      -0.50411267271594318       0.10081172586872103       -5.1853032055636046     
   8.9499999999998536       0.87920612708079304      -0.44914759521853653       0.12843157064596741       -5.1846941312474151     
   8.9599999999998534       0.90789519293247467      -0.39234013575654308       0.15604778085472537       -5.1839383281369580     
   8.9699999999998532       0.93287955157721925      -0.33393188288661924       0.18365957495076604       -5.1830358177934626     
   8.9799999999998530       0.95407800057851933      -0.27416859509331931       0.21126617151741764       -5.1819866259626668     
   8.9899999999998528       0.97142605382176861      -0.21329899549353340       0.23886678928824526       -5.1807907825740136     
   8.9999999999998526       0.98487586535602689      -0.15157359894232081       0.26646064716972356       -5.1794483217397307     
   9.0099999999998523       0.99439606972494743       -8.9243578141421032E-002  0.29404696426390114       -5.1779592817537932     
   9.0199999999998521       0.99997154580782344       -2.6559674291085026E-002  0.32162495989105583       -5.1763237050907653     
   9.0299999999998519        1.0016031114039530        3.6228843218812021E-002  0.34919385361234007       -5.1745416384045253     
   9.0399999999998517       0.99930715586550545        9.8875164591459258E-002  0.37675286525241558       -5.1726131325268669     
   9.0499999999998515       0.99311521802994229       0.16113587234971033       0.40430121492207682       -5.1705382424659838     
   9.0599999999998513       0.98307351653820807       0.22277181736867005       0.43183812304086255       -5.1683170274048296     
   9.0699999999998511       0.96924243936541843       0.28354893739343928       0.45936281035965509       -5.1659495506993549     
   9.0799999999998509       0.95169599905275837       0.34323901795665890       0.48687449798326665       -5.1634358798766247     
   9.0899999999998506       0.93052125972848698       0.40162039626035134       0.51437240739301215       -5.1607760866328096     
   9.0999999999998504       0.90581774155726691       0.45847860914927258       0.54185576046926809       -5.1579702468310566     
   9.1099999999998502       0.87769680777436132       0.51360698677912686       0.56932377951401714       -5.1550184404992345     
   9.1199999999998500       0.84628103895716733       0.56680719397487433       0.59677568727337771       -5.1519207518275563     
   9.1299999999998498       0.81170359867227160       0.61788972158566535       0.62421070696011793       -5.1486772691660763     
   9.1399999999998496       0.77410759412146457       0.66667433037841706       0.65162806227615355       -5.1452880850220648     
   9.1499999999998494       0.73364543490322753       0.71299045017717610       0.67902697743502949       -5.1417532960572574     
   9.1599999999998492       0.69047819251399556       0.75667753705614260       0.70640667718438388       -5.1380730030849815     
   9.1699999999998489       0.64477496274157753       0.79758539143672547       0.73376638682839479       -5.1342473110671580     
   9.1799999999998487       0.59671223265584816       0.83557443992946223       0.76110533225020804       -5.1302763291111777     
   9.1899999999998485       0.54647325348250608       0.87051598370612249       0.78842273993434653       -5.1261601704666564     
   9.1999999999998483       0.49424742025667107       0.90229241609162791       0.81571783698909961       -5.1218989525220628     
   9.2099999999998481       0.44022965879592002       0.93079741193500931       0.84298985116889269       -5.1174927968012245     
   9.2199999999998479       0.38461982020793184       0.95593609115851430       0.87023801089663566       -5.1129418289597099     
   9.2299999999998477       0.32762208285658539       0.97762515869875977       0.89746154528604971       -5.1082461787810871     
   9.2399999999998474       0.26944436145209594       0.99579302284760540       0.92465968416397226       -5.1034059801730560     
   9.2499999999998472       0.21029772270525229        1.0103798937768653       0.95183165809263903       -5.0984213711634618     
   9.2599999999998470       0.15039580679251305        1.0213378637932924       0.97897669839194246       -5.0932924938961817     
   9.2699999999998468        8.9954253717018526E-002   1.0286309706212731        1.0060940371616660       -5.0880194946268889     
   9.2799999999998466        2.9190133519837562E-002   1.0322352447528207        1.0331829073036940       -5.0826025237186947     
   9.2899999999998464       -3.1678620804602604E-002   1.0321387416398853        1.0602425425441950       -5.0770417356376667     
   9.2999999999998462       -9.2433778905463435E-002   1.0283415592346103        1.0872721774557801       -5.0713372889482251     
   9.3099999999998460      -0.15285737844239738        1.0208558411106612        1.1142710474796336       -5.0654893463084152     
   9.3199999999998457      -0.21273229149172410        1.0097057651247072        1.1412383889476165       -5.0594980744650595     
   9.3299999999998455      -0.27184279324370098       0.99492751730308759        1.1681734391043417       -5.0533636442487859     
   9.3399999999998453      -0.32997513419582863       0.97656925036616304        1.1950754361292197       -5.0470862305689339     
   9.3499999999998451      -0.38691811697055994       0.95469102603346734        1.2219436191584756       -5.0406660124083400     
   9.3599999999998449      -0.44246367877904758       0.92936473998828784        1.2487772283071350       -5.0341031728180008     
   9.3699999999998447      -0.49640748041508553       0.90067402812269337        1.2755755046909794       -5.0273978989116141     
   9.3799999999998445      -0.54854950249450107       0.86871415243554018        1.3023376904484694       -5.0205503818599997     
   9.3899999999998442      -0.59869464945424677       0.83359186471919189        1.3290630287626366       -5.0135608168853985     
   9.3999999999998440      -0.64665336159167297       0.79542524594854780        1.3557507638829414       -5.0064294032556500     
   9.4099999999998438      -0.69224223515740568       0.75434351908185915        1.3824001411470972       -4.9991563442782514     
   9.4199999999998436      -0.73528465021460210       0.71048683280055580        1.4090104070028611       -4.9917418472942927     
   9.4299999999998434      -0.77561140564311937       0.66400601355920863        1.4355808090297886       -4.9841861236722735     
   9.4399999999998432      -0.81306136029976872       0.61506228319158596        1.4621105959609535       -4.9764893888018005     
   9.4499999999998430      -0.84748207894635985       0.56382693922975269        1.4885990177046309       -4.9686518620871629     
   9.4599999999998428      -0.87873048112740226       0.51048099504594202        1.5150453253659431       -4.9606737669407890     
   9.4699999999998425      -0.90667349072169867       0.45521477692747325        1.5414487712684686       -4.9525553307765833     
   9.4799999999998423      -0.93118868341021077       0.39822747524950569        1.5678086089758128       -4.9442967850031456     
   9.4899999999998421      -0.95216492880119419       0.33972664702521710        1.5941240933131391       -4.9358983650168682     
   9.4999999999998419      -0.96950302343863948       0.27992766729430990        1.6203944803886616       -4.9273603101949162     
   9.5099999999998417      -0.98311631039882419       0.21905312706452870        1.6466190276150978       -4.9186828638880895     
   9.5199999999998415      -0.99293128066102920       0.15733217585253073        1.6727969937310803       -4.9098662734135656     
   9.5299999999998413      -0.99888815093241767        9.4999807284572302E-002   1.6989276388225276       -4.9009107900475239     
   9.5399999999998411       -1.0009414121254048        3.2296086717497785E-002   1.7250102243439742       -4.8918166690176532     
   9.5499999999998408      -0.99906034224163864       -3.0534679571611278E-002   1.7510440131398579       -4.8825841694955416     
   9.5599999999998406      -0.99322947702428421       -9.3244833402960747E-002   1.7770282694657649       -4.8732135545889497     
   9.5699999999998404      -0.98344903141498730      -0.15558431093296174        1.8029622590096324       -4.8637050913339666     
   9.5799999999998402      -0.96973526460973891      -0.21730164428604132        1.8288452489129081       -4.8540590506870487     
   9.5899999999998400      -0.95212078136516909      -0.27814501583460294        1.8546765077916658       -4.8442757075169451     
   9.5999999999998398      -0.93065476217968746      -0.33786336140334733        1.8804553057576772       -4.8343553405965052     
   9.6099999999998396      -0.90540311507763682      -0.39620751764634182        1.9061809144394399       -4.8242982325943737     
   9.6199999999998393      -0.87644854197304989      -0.45293140778601937        1.9318526070031614       -4.8141046700665697     
   9.6299999999998391      -0.84389051299429085      -0.50779325883338200        1.9574696581736974       -4.8037749434479542     
   9.6399999999998389      -0.80784514272046193      -0.56055684235181968        1.9830313442554466       -4.7933093470435830     
   9.6499999999998387      -0.76844496301987841      -0.61099272980953423        2.0085369431531994       -4.7827081790199504     
   9.6599999999998385      -0.72583858809065960      -0.65887955261603270        2.0339857343929419       -4.7719717413961211     
   9.6699999999998383      -0.68019026837901253      -0.70400525608628595        2.0593769991426147       -4.7611003400347522     
   9.6799999999998381      -0.63167933128204223      -0.74616833585202968        2.0847100202328246       -4.7500942846330076     
   9.6899999999998379      -0.58049950791305516      -0.78517904467268262        2.1099840821775113       -4.7389538887133655     
   9.6999999999998376      -0.52685814669660214      -0.82086055721588980        2.1351984711945655       -4.7276794696143183     
   9.7099999999998374      -0.47097531614054972      -0.85305008020400841        2.1603524752264005       -4.7162713484809702     
   9.7199999999998372      -0.41308280077070592      -0.88159989537773142        2.1854453839604737       -4.7047298502555321     
   9.7299999999998370      -0.35342299587300158      -0.90637832302568178        2.2104764888497588       -4.6930553036677125     
   9.7399999999998368      -0.29224770832864844      -0.92727059437676618        2.2354450831331656       -4.6812480412250093     
   9.7499999999998366      -0.22981687240675536      -0.94417962195047267        2.2603504618559063       -4.6693083992029010     
   9.7599999999998364      -0.16639719085377391      -0.95702665800131292        2.2851919218898042       -4.6572367176349418     
   9.7699999999998361      -0.10226071294820185      -0.96575183246130247        2.3099687619535456       -4.6450333403027537     
   9.7799999999998359       -3.7683362333369615E-002 -0.97031456325487686        2.3346802826328683       -4.6326986147259213     
   9.7899999999998357        2.7056571633466597E-002 -0.97069383350275507        2.3593257864006865       -4.6202328921517877     
   9.7999999999998355        9.1679964599445954E-002 -0.96688833190740087        2.3839045776371455       -4.6076365275451483     
   9.8099999999998353       0.15590839517591351      -0.95891645448023488        2.4084159626496073       -4.5949098795778411     
   9.8199999999998351       0.21946567518538440      -0.94681616768342780        2.4328592496925614       -4.5820533106182317     
   9.8299999999998349       0.28207935739813494      -0.93064473496902933        2.4572337489874569       -4.5690671867205888     
   9.8399999999998347       0.34348220639787752      -0.91047831055752293        2.4815387727424594       -4.5559518776143468     
   9.8499999999998344       0.40341361891929972      -0.88641140606078772        2.5057736351721238       -4.5427077566932539     
   9.8599999999998342       0.46162098094792153      -0.85855623717873952        2.5299376525169897       -4.5293352010043977     
   9.8699999999998340       0.51786095003561872      -0.82704195914772505        2.5540301430630952       -4.5158345912371125     
   9.8799999999998338       0.57190065262831025      -0.79201380086169104        2.5780504271614113       -4.5022063117117588     
   9.8899999999998336       0.62351878768644797      -0.75363210860132024        2.6019978272472000       -4.4884507503683739     
   9.8999999999998334       0.67250662946217854      -0.71207131107678723        2.6258716678592973       -4.4745682987551989     
   9.9099999999998332       0.71866892393652460      -0.66751881800974744        2.6496712756593239       -4.4605593520170732     
   9.9199999999998330       0.76182467507351814      -0.62017386475076108        2.6733959794508277       -4.4464243088837057     
   9.9299999999998327       0.80180781867597239      -0.57024631545806148        2.6970451101983586       -4.4321635716578189     
   9.9399999999998325       0.83846778319305515      -0.51795543716741643        2.7206180010464811       -4.4177775462031734     
   9.9499999999998323       0.87166993830111261      -0.46352865668127513        2.7441139873387250       -4.4032666419324711     
   9.9599999999998321       0.90129593342965086      -0.40720031162318865        2.7675324066364753       -4.3886312717951439     
   9.9699999999998319       0.92724392961309998      -0.34921040626838729        2.7908725987378040       -4.3738718522650322     
   9.9799999999998317       0.94942872910094733      -0.28980338190289245        2.8141339056962433       -4.3589888033279554     
   9.9899999999998315       0.96778180804479574      -0.22922691051169469        2.8373156718394994       -4.3439825484691781     
   9.9999999999998312       0.98225125829711657      -0.16773071958088964        2.8604172437881066       -4.3288535146607767     
   10.009999999999831       0.99280164490411005      -0.10556545474734454        2.8834379704740218       -4.3136021323489082     
   10.019999999999831       0.99941378625966171       -4.2981585968409779E-002   2.9063772031591570       -4.2982288354409812     
   10.029999999999831        1.0020844641179916        1.9771638163401190E-002   2.9292342954538464       -4.2827340612927367     
   10.039999999999830        1.0008260707511674        8.2447184349864408E-002   2.9520086033352508       -4.2671182506952352     
   10.049999999999830       0.99566620049819698       0.14480117411339669        2.9746994851656940       -4.2513818478617518     
   10.059999999999830       0.98664719280031266       0.20659376717294384        2.9973063017109305       -4.2355253004145821     
   10.069999999999830       0.97382563356836183       0.26758998774795895        3.0198284161583433       -4.2195490593717579     
   10.079999999999830       0.95727182139913314       0.32756049361390321        3.0422651941350694       -4.2034535791336731     
   10.089999999999829       0.93706920476378763       0.38628228839228440        3.0646160037260533       -4.1872393174696194     
   10.099999999999829       0.91331379584840833       0.44353937813076671        3.0868802154920250       -4.1709067355042331     
   10.109999999999829       0.88611356624803339       0.49912337371471738        3.1090572024874024       -4.1544562977038515     
   10.119999999999829       0.85558782921414533       0.55283404105285405        3.1311463402781183       -4.1378884718627793     
   10.129999999999828       0.82186661264279548       0.60447980129999879        3.1531470069593683       -4.1212037290894639     
   10.139999999999828       0.78509002647624049       0.65387818362398309        3.1750585831732803       -4.1044025437925820     
   10.149999999999828       0.74540762768358393       0.70085623319690371        3.1968804521265057       -4.0874853936670332     
   10.159999999999828       0.70297778549247214       0.74525087719910688        3.2186119996077309       -4.0704527596798457     
   10.169999999999828       0.65796704907007808       0.78690925167363179        3.2402526140051058       -4.0533051260559887     
   10.179999999999827       0.61054951940189650       0.82568899206555968        3.2618016863235937       -4.0360429802640958     
   10.189999999999827       0.56090622669464529       0.86145849023086507        3.2832586102022381       -4.0186668130020964     
   10.199999999999827       0.50922451423725645       0.89409712060876012        3.3046227819313478       -4.0011771181827580     
   10.209999999999827       0.45569742929316126       0.92349543812562951        3.3258936004695987       -3.9835743929191381     
   10.219999999999827       0.40052312126877576       0.94955535024252591        3.3470704674610521       -3.9658591375099443     
   10.229999999999826       0.34390424710768303       0.97219026537643438        3.3681527872520904       -3.9480318554248055     
   10.239999999999826       0.28604738359748483       0.99132521972225773        3.3891399669082674       -3.9300930532894536     
   10.249999999999826       0.22716244604635530        1.0068969842813940        3.4100314162310741       -3.9120432408708155     
   10.259999999999826       0.16746211258847904        1.0188541536671083        3.4308265477746205       -3.8938829310620160     
   10.269999999999825       0.10716125321119543        1.0271572180094626        3.4515247768622306       -3.8756126398672928     
   10.279999999999825        4.6476362461176202E-002   1.0317786190258209        3.4721255216029525       -3.8572328863868224     
   10.289999999999825       -1.4375005318251527E-002   1.0327027910590367        3.4926282029079805       -3.8387441928014590     
   10.299999999999825       -7.5174799441951434E-002   1.0299261876162373        3.5130322445069924       -3.8201470843573850     
   10.309999999999825      -0.13570503629930813        1.0234572936683470        3.5333370729643980       -3.8014420893506755     
   10.319999999999824      -0.19574836401812667        1.0133166236956954        3.5535421176955015       -3.7826297391117762     
   10.329999999999824      -0.25508862964974915       0.99953670518974702        3.5736468109825736       -3.7637105679898948     
   10.339999999999824      -0.31351145010722486       0.98216204704666665        3.5936505879908367       -3.7446851133373071     
   10.349999999999824      -0.37080478801684436       0.96124909201669717        3.6135528867843614       -3.7255539154935793     
   10.359999999999824      -0.42675953354160262       0.93686615210589186        3.6333531483418722       -3.7063175177697030     
   10.369999999999823      -0.48117009310255848       0.90909332556555622        3.6530508165724642       -3.6869764664321494     
   10.379999999999823      -0.53383498575988164       0.87802239385202585        3.6726453383312303       -3.6675313106868384     
   10.389999999999823      -0.58455744781886454       0.84375669669767484        3.6921361634347960       -3.6479826026630242     
   10.399999999999823      -0.63314604599659363       0.80641098320624505        3.7115227446767651       -3.6283308973970998     
   10.409999999999823      -0.67941529922170663       0.76611123667506009        3.7308045378430719       -3.6085767528163184     
   10.419999999999822      -0.72318630884229118       0.72299447065725764        3.7499810017272428       -3.5887207297224348     
   10.429999999999822      -0.76428739668540568       0.67720849361313573        3.7690515981455657       -3.5687633917752652     
   10.439999999999822      -0.80255475004624732       0.62891163936585259        3.7880157919521653       -3.5487053054761661     
   10.449999999999822      -0.83783307228654369       0.57827246047829572        3.8068730510539868       -3.5285470401514343     
   10.459999999999821      -0.86997623729187801       0.52546938161063839        3.8256228464256847       -3.5082891679356272     
   10.469999999999821      -0.89884794557880487       0.47069030990797833        3.8442646521244188       -3.4879322637548049     
   10.479999999999821      -0.92432237935817729       0.41413219951082292        3.8627979453045542       -3.4674769053096934     
   10.489999999999821      -0.94628485335562984       0.35600056738449809        3.8812222062322683       -3.4469236730587713     
   10.499999999999821      -0.96463245766944894       0.29650895783322634        3.8995369183000612       -3.4262731502012778     
   10.509999999999820      -0.97927468841728127       0.23587835330680232        3.9177415680411718       -3.4055259226601455     
   10.519999999999820      -0.99013406139492521       0.17433652942815614        3.9358356451438961       -3.3846825790648576     
   10.529999999999820      -0.99714670345295364       0.11211735257350613        3.9538186424658113       -3.3637437107342270     
   10.539999999999820       -1.0002629158017784        4.9460018827024728E-002   3.9716900560479016       -3.3427099116591035     
   10.549999999999820      -0.99944770299607044       -1.3391766288731803E-002   3.9894493851285882       -3.3215817784850050     
   10.559999999999819      -0.99468126093957698       -7.6190667236483031E-002   4.0070961321576606       -3.3003599104946750     
   10.569999999999819      -0.98595941690680644      -0.13868665621510726        4.0246298028101108       -3.2790449095905667     
   10.579999999999819      -0.97329401431501661      -0.20062800757064897        4.0420499059998694       -3.2576373802772545     
   10.589999999999819      -0.95671323481505621      -0.26176234628381273        4.0593559538934443       -3.2361379296437729     
   10.599999999999818      -0.93626185021934372      -0.32183774696782963        4.0765474619234592       -3.2145471673458839     
   10.609999999999818      -0.91200139686536419      -0.38060387877589391        4.0936239488020947       -3.1928657055882721     
   10.619999999999818      -0.88401026523786008      -0.43781319054761980        4.1105849365344298       -3.1710941591066715     
   10.629999999999818      -0.85238369805458725      -0.49322212943969257        4.1274299504316829       -3.1492331451499189     
   10.639999999999818      -0.81723369056838890      -0.54659238521077436        4.1441585191243568       -3.1272832834619400     
   10.649999999999817      -0.77868878755802484      -0.59769215129123654        4.1607701745752808       -3.1052451962636649     
   10.659999999999817      -0.73689377237288123      -0.64629739279308329        4.1772644520925555       -3.0831195082348759     
   10.669999999999817      -0.69200924445853840      -0.69219311073459533        4.1936408903423965       -3.0609068464959863     
   10.679999999999817      -0.64421108301178864      -0.73517459099833393        4.2098990313618794       -3.0386078405897528     
   10.689999999999817      -0.59368979577979764      -0.77504862594018187        4.2260384205715855       -3.0162231224629203     
   10.699999999999816      -0.54064975350744360      -0.81163469614922057        4.2420586067881478       -2.9937533264478007     
   10.709999999999816      -0.48530831212240283      -0.84476609964853289        4.2579591422366985       -2.9711990892437852     
   10.719999999999816      -0.42789482639689780      -0.87429101584619850        4.2737395825632172       -2.9485610498987938     
   10.729999999999816      -0.36864956050122888      -0.90007349180897522        4.2893994868467811       -2.9258398497906586     
   10.739999999999815      -0.30782250252680016      -0.92199433894696636        4.3049384176117158       -2.9030361326084457     
   10.749999999999815      -0.24567209166263809      -0.93995192896703905        4.3203559408396508       -2.8801505443337141     
   10.759999999999815      -0.18246386821601918      -0.95386287896893240        4.3356516259814741       -2.8571837332217132     
   10.769999999999815      -0.11846905803237251      -0.96366261680570398        4.3508250459691942       -2.8341363497825207     
   10.779999999999815       -5.3963104052406674E-002 -0.96930581928617077        4.3658757772276999       -2.8110090467621225     
   10.789999999999814        1.0775841289895090E-002 -0.97076671743055876        4.3808033996864291       -2.7878024791234344     
   10.799999999999814        7.5468448405556846E-002 -0.96803926476437874        4.3956074967909373       -2.7645173040272693     
   10.809999999999814       0.13983575275173546      -0.96113716650700398        4.4102876555143711       -2.7411541808132491     
   10.819999999999814       0.20360069185419685      -0.95009376943424351        4.4248434663688423       -2.7177137709806658     
   10.829999999999814       0.26648962222910316      -0.93496181412014512        4.4392745234167084       -2.6941967381692908     
   10.839999999999813       0.32823380168490923      -0.91581305314403039        4.4535804242817507       -2.6706037481401368     
   10.849999999999813       0.38857082315834640      -0.89273774063787648        4.4677607701602522       -2.6469354687561717     
   10.859999999999813       0.44724598716066222      -0.86584400020372321        4.4818151658319749       -2.6231925699629874     
   10.869999999999813       0.50401360105284476      -0.83525707971306762        4.4957432196710307       -2.5993757237694246     
   10.879999999999812       0.55863819469686105      -0.80111850277892982        4.5095445436566441       -2.5754856042281542     
   10.889999999999812       0.61089564350487868      -0.76358512774255527        4.5232187533838042       -2.5515228874162164     
   10.899999999999812       0.66057419148812058      -0.72282812582465428        4.5367654680738037       -2.5274882514155159     
   10.909999999999812       0.70747536854842819      -0.67903189064791525        4.5501843105846573       -2.5033823762932754     
   10.919999999999812       0.75141479791634025      -0.63239289164347445        4.5634749074214005       -2.4792059440824445     
   10.929999999999811       0.79222289127916401      -0.58311848391672705        4.5766368887462612       -2.4549596387620616     
   10.939999999999811       0.82974543072412943      -0.53142568698158343        4.5896698883887064       -2.4306441462375683     
   10.949999999999811       0.86384403811271826      -0.47753994439686537        4.6025735438553568       -2.4062601543210747     
   10.959999999999811       0.89439653387529072      -0.42169387577826739        4.6153474963397727       -2.3818083527115692     
   10.969999999999811       0.92129718844851527      -0.36412603194161891        4.6279913907321060       -2.3572894329750747     
   10.979999999999810       0.94445687065603567      -0.30507966308742807        4.6405048756286229       -2.3327040885247454     
   10.989999999999810       0.96380309824527199      -0.24480150899295811        4.6528876033410960       -2.3080530146009060     
   10.999999999999810       0.97927999653574305      -0.18354061916611275        4.6651392299060710       -2.2833369082510271     
   11.009999999999810       0.99084817170733042      -0.12154720986362837        4.6772594150940066       -2.2585564683096400     
   11.019999999999810       0.99848450566539526       -5.9071563810864751E-002   4.6892478224182934       -2.2337123953781899     
   11.029999999999809        1.0021818796722299        3.6370225944215300E-003   4.7011041191441558       -2.2088053918048276     
   11.039999999999809        1.0019488340425404        6.6331240835878241E-002   4.7128279762974383       -2.1838361616641415     
   11.049999999999809       0.99780917117828527       0.12876671780708723        4.7244190686732797       -2.1588054107368313     
   11.059999999999809       0.98980150908046982       0.19070290744522062        4.7358770748446792       -2.1337138464893277     
   11.069999999999808       0.97797879223847206       0.25190392544040902        4.7472016771709571       -2.1085621780533579     
   11.079999999999808       0.96240776647740145       0.31213932675097666        4.7583925618061071       -2.0833511162054621     
   11.089999999999808       0.94316842395684475       0.37118482632896538        4.7694494187070493       -2.0580813733464627     
   11.099999999999808       0.92035342407539922       0.42882296404722386        4.7803719416417776       -2.0327536634808889     
   11.109999999999808       0.89406749555887954       0.48484371531887815        4.7911598281974070       -2.0073687021963598     
   11.119999999999807       0.86442682450902020       0.53904504931417718        4.8018127797881176       -1.9819272066429274     
   11.129999999999807       0.83155843267549012       0.59123343701195785        4.8123305016629949       -1.9564298955123838     
   11.139999999999807       0.79559954969724245       0.64122431157786763        4.8227127029137673       -1.9308774890175309     
   11.149999999999807       0.75669698254831597       0.68884248374440282        4.8329590964824396       -1.9052707088714171     
   11.159999999999807       0.71500648492542973       0.73392251498467831        4.8430693991688205       -1.8796102782665414     
   11.169999999999806       0.67069212883595530       0.77630905132881989        4.8530433316379451       -1.8538969218540244     
   11.179999999999806       0.62392568018975625       0.81585712067520866        4.8628806184273898       -1.8281313657227503     
   11.189999999999806       0.57488597977047218       0.85243239640464608        4.8725809879544775       -1.8023143373784767     
   11.199999999999806       0.52375833056363785       0.88591143001973294        4.8821441725233745       -1.7764465657229169     
   11.209999999999805       0.47073389205226973       0.91618185540991504        4.8915699083320794       -1.7505287810327914     
   11.219999999999805       0.41600908175623424       0.94314256718986811        4.9008579354792969       -1.7245617149388512     
   11.229999999999805       0.35978498399028197       0.96670387537985192        4.9100079979712037       -1.6985461004048732     
   11.239999999999805       0.30226676554711218       0.98678763849555762        4.9190198437280985       -1.6724826717066266     
   11.249999999999805       0.24366309777593131        1.0033273768955302        4.9278932245909441       -1.6463721644108125     
   11.259999999999804       0.18418558432319088        1.0162683679997502        4.9366278963277903       -1.6202153153539756     
   11.269999999999804       0.12404819362992631        1.0255677247462538        4.9452236186400871       -1.5940128626213892     
   11.279999999999804        6.3466695138729032E-002   1.0311944583962478        4.9536801551688816       -1.5677655455259130     
   11.289999999999804        2.6580980522672424E-003   1.0331295265341731        4.9619972735009004       -1.5414741045868245     
   11.299999999999804       -5.8159908596084997E-002   1.0313658668394881        4.9701747451745186       -1.5151392815086255     
   11.309999999999803      -0.11876951585092134        1.0259084169332424        4.9782123456856109       -1.4887618191598213     
   11.319999999999803      -0.17895335603698626        1.0167741203263478        4.9861098544932894       -1.4623424615516760     
   11.329999999999803      -0.23849506656272118        1.0039919182192776        4.9938670550255253       -1.4358819538169427     
   11.339999999999803      -0.29717985759735766       0.98760272662621307        5.0014837346846539       -1.4093810421885693     
   11.349999999999802      -0.35479508482840061       0.96765939802193557        5.0089596848527638       -1.3828404739783806     
   11.359999999999802      -0.41113082841080301       0.94422666643869713        5.0162947008969718       -1.3562609975557371     
   11.369999999999802      -0.46598047909271784       0.91738107467477803        5.0234885821745792       -1.3296433623261712     
   11.379999999999802      -0.51914133234464244       0.88721088201858544        5.0305411320381124       -1.3029883187100009     
   11.389999999999802      -0.57041519112821026       0.85381595064444626        5.0374521578402494       -1.2762966181209221     
   11.399999999999801      -0.61960897771701484       0.81730760860155705        5.0442214709386253       -1.2495690129445800     
   11.409999999999801      -0.66653535472393699       0.77780848709916794        5.0508488867005266       -1.2228062565171189     
   11.419999999999801      -0.71101335519693953       0.73545232959276374        5.0573342245074642       -1.1960091031037137     
   11.429999999999801      -0.75286902131793743       0.69038377000202655        5.0636773077596322       -1.1691783078770801     
   11.439999999999801      -0.79193605087728958       0.64275807724648948        5.0698779638802502       -1.1423146268959681     
   11.449999999999800      -0.82805645030038244       0.59274086317428532        5.0759360243197884       -1.1154188170836354     
   11.459999999999800      -0.86108119257404869       0.54050775088898551        5.0818513245600734       -1.0884916362063053     
   11.469999999999800      -0.89087087796138376       0.48624400045533533        5.0876237041182817       -1.0615338428516052     
   11.479999999999800      -0.91729639490705628       0.43014408899316103        5.0932530065508130       -1.0345461964069913     
   11.489999999999799      -0.94023957802575897       0.37241124225646172        5.0987390794570482       -1.0075294570381557     
   11.499999999999799      -0.95959385953957232       0.31325691494833313        5.1040817744829896      -0.98048438566741913     
   11.509999999999799      -0.97526490999267212       0.25290021724833289        5.1092809473247840      -0.95341174395210981     
   11.519999999999799      -0.98717126353243545       0.19156728533317993        5.1143364577321293      -0.92631229426292727     
   11.529999999999799      -0.99524492251457441       0.12949059405954391        5.1192481695115646      -0.89918679966229387     
   11.539999999999798      -0.99943193567798683        6.6908210453327441E-002   5.1240159505296425      -0.87203602388269341     
   11.549999999999798      -0.99969294365560224        4.0629872160674735E-003   5.1286396727159840      -0.84486073130499773     
   11.559999999999798      -0.99600368515504956       -5.8798303883118436E-002   5.1331192120662168      -0.81766168693678210     
   11.569999999999798      -0.98835545677308156      -0.12142589811341441        5.1374544486447968      -0.79043965639062985     
   11.579999999999798      -0.97675551911685921      -0.18356802193451741        5.1416452665877124      -0.76319540586242673     
   11.589999999999797      -0.96122744171039032      -0.24497193282876206        5.1456915541050714      -0.73592970210964592     
   11.599999999999797      -0.94181137908260459      -0.30538501146161118        5.1495932034835716      -0.70864331242962419     
   11.609999999999797      -0.91856427048109479      -0.36455590177685099        5.1533501110888524      -0.68133700463782954     
   11.619999999999797      -0.89155995584753944      -0.42223569355049356        5.1569621773677321      -0.65401154704612119     
   11.629999999999797      -0.86088920104031508      -0.47817914082507817        5.1604293068503262      -0.62666770844100272     
   11.639999999999796      -0.82665962580703956      -0.53214590854734112        5.1637514081520486      -0.59930625806186832     
   11.649999999999796      -0.78899552870141065      -0.58390183866360035        5.1669283939754971      -0.57192796557924330     
   11.659999999999796      -0.74803760400696884      -0.63322022591757843        5.1699601811122218      -0.54453360107301896     
   11.669999999999796      -0.70394254677253487      -0.67988309267532221        5.1728466904443753      -0.51712393501068299     
   11.679999999999795      -0.65688254327164641      -0.72368245130263098        5.1755878469462475      -0.48969973822554502     
   11.689999999999795      -0.60704464555695803      -0.76442154197285839        5.1781835796856832      -0.46226178189495892     
   11.699999999999795      -0.55463003026976521      -0.80191603331638328        5.1806338218253831      -0.43481083751854149     
   11.709999999999795      -0.49985314345804999      -0.83599517306380999        5.1829385106240888      -0.40734767689638846     
   11.719999999999795      -0.44294073482162355      -0.86650287580519736        5.1850975874376504      -0.37987307210728821     
   11.729999999999794      -0.38413078650310339      -0.89329873520398229        5.1871109977199783      -0.35238779548693372     
   11.739999999999794      -0.32367134323783131      -0.91625894847680334        5.1889786910238813      -0.32489261960613308     
   11.749999999999794      -0.26181925232110814      -0.93527714168167508        5.1907006210017856      -0.29738831724901915     
   11.759999999999794      -0.19883882340300729      -0.95026508534130705        5.1922767454063417      -0.26987566139125868     
   11.769999999999794      -0.13500041953594050      -0.96115329115176995        5.1937070260909133      -0.24235542517826139     
   11.779999999999793       -7.0578992136966959E-002 -0.96789148196684194        5.1949914290099555      -0.21482838190338943     
   11.789999999999793       -5.8525735486471518E-003 -0.97044892887506595        5.1961299242192762      -0.18729530498616759     
   11.799999999999793        5.8899258342041842E-002 -0.96881465096275698        5.1971224858761831      -0.15975696795049471     
   11.809999999999793       0.12339692846145216      -0.96299747523923063        5.1979690922395214      -0.13221414440285681     
   11.819999999999792       0.18736241069813359      -0.95302595614363295        5.1986697256695962      -0.10466760801054220     
   11.829999999999792       0.25052075672903695      -0.93894815600692128        5.1992243726279845       -7.7118132479859353E-002
   11.839999999999792       0.31260159277021748      -0.92083128975841921        5.1996330236772366       -4.9566491534357923E-002
   11.849999999999792       0.37334057013737387      -0.89876123899616878        5.1998956734804676       -2.2013458893053662E-002
   11.859999999999792       0.43248075639637124      -0.87284194223968659        5.2000123208008393        5.5401917513420796E-003
   11.869999999999791       0.48977395500715076      -0.84319466971342716        5.1999829685009349        3.3093686754187349E-002
   11.879999999999791       0.54498194268160849      -0.80995719233644492        5.1998076235420259        6.0646252540668098E-002
   11.889999999999791       0.59787761514783611      -0.77328285569306865        5.1994862969832329        8.8197115627549019E-002
   11.899999999999791       0.64824603359719268      -0.73333957061360822        5.1990190039805801       0.11574550264491536     
   11.909999999999791       0.69588536574332116      -0.69030873259428505        5.1984057637859449       0.14329064035790420     
   11.919999999999790       0.74060771710012596      -0.64438408263098423        5.1976465997459034       0.17083175568842349     
   11.929999999999790       0.78223984974752081      -0.59577052213900494        5.1967415393004686       0.19836807573685677     
   11.939999999999790       0.82062378746139197      -0.54468289449453622        5.1956906139817276       0.22589882780375192     
   11.949999999999790       0.85561730760407750      -0.49134474538272882        5.1944938594123684       0.25342323941149131     
   11.959999999999789       0.88709432157535451      -0.43598707359621058        5.1931513153041022       0.28094053832594157     
   11.969999999999789       0.91494514688882389      -0.37884708322428046        5.1916630254559779       0.30844995257808067     
   11.979999999999789       0.93907667504803061      -0.32016694733645362        5.1900290377525824       0.33595071048560027     
   11.989999999999789       0.95941244033991280      -0.26019259232497199        5.1882494041621321       0.36344204067448160     
   11.999999999999789       0.97589259543512497      -0.19917251105950673        5.1863241807344451       0.39092317210054350     
