   0.0000000000000000        1.0000000000000000        0.0000000000000000        5.2000000000000002        0.0000000000000000     
   1.0000000000000000E-002   1.0000000000000000        6.2831853071795868E-002   5.2000000000000002        2.7553590302269778E-002
   2.0000000000000000E-002  0.99628800961086650       0.12541533195767507        5.1998540054122007        5.5106407022378262E-002
   2.9999999999999999E-002  0.98890356640503685       0.18750625693235948        5.1995620264848332        8.2657676664965679E-002
   4.0000000000000001E-002  0.97790184119445756       0.24886597361724952        5.1991240775646466       0.11020662584309192     
   5.0000000000000003E-002  0.96335284423922352       0.30926256550300868        5.1985401770957624       0.13775248129984960     
   6.0000000000000005E-002  0.94534052387128942       0.36847192974147502        5.1978103476184030       0.16529446992997365     
   7.0000000000000007E-002  0.92396178244112637       0.42627870316917021        5.1969346157674865       0.19283181880144862     
   8.0000000000000002E-002  0.89932543547621990       0.48247703106444162        5.1959130122710997       0.22036375517711393     
   8.9999999999999997E-002  0.87155113976895360       0.53687117655678740        5.1947455719488449       0.24788950653626765     
   9.9999999999999992E-002  0.84076831491872650       0.58927597361191852        5.1934323337100716       0.27540830059626786     
  0.10999999999999999       0.80711508082484540       0.63951713088671691        5.1919733405519901       0.30291936533413105     
  0.11999999999999998       0.77073723097959201       0.68743139733712066        5.1903686395576702       0.33042192900812578     
  0.12999999999999998       0.73178725836975589       0.73286660319797037        5.1886182818939330       0.35791522017936056     
  0.13999999999999999       0.69042344757316476       0.77568159183482588        5.1867223228091310       0.38539846773336389     
  0.14999999999999999       0.64680904342139789       0.81574605904793651        5.1846808216308231       0.41287090090165446     
  0.16000000000000000       0.60111150354253928       0.85294031678316917        5.1824938417633417       0.44033174928329988     
  0.17000000000000001       0.55350183931070662       0.88715499799434328        5.1801614506852571       0.46778024286646169     
  0.18000000000000002       0.50415404728537960       0.91829071873769264        5.1776837199467343       0.49521561204992542     
  0.19000000000000003       0.45324463116106511       0.94625771259305613        5.1750607251667873       0.52263708766461348     
  0.20000000000000004       0.40095221257460434       0.97097545131963015        5.1722925460304277       0.55004390099507960     
  0.21000000000000005       0.34745722781814181       0.99237226437370663        5.1693792662857092       0.57743528380098375     
  0.22000000000000006       0.29294170654822954        1.0103849686312674        5.1663209737406657       0.60481046833854557     
  0.23000000000000007       0.23758912792245562        1.0249585184409886        5.1631177602601426       0.63216868738197629     
  0.24000000000000007       0.18158434918485553        1.0360456850373914        5.1597697217625260       0.65950917424488698     
  0.25000000000000006       0.12511360150814882        1.0436067734086651        5.1562769582163597       0.68683116280167333     
  0.26000000000000006        6.8364547832538397E-002   1.0476093839655893        5.1526395736368586       0.71413388750887552     
  0.27000000000000007        1.1526397466939602E-002   1.0480282258134854        5.1488576760823133       0.74141658342651273     
  0.28000000000000008       -4.5209927709280090E-002   1.0448449880973072        5.1449313776503853       0.76867848623939183     
  0.29000000000000009      -0.10165158053409974        1.0380482757746117        5.1408607944742970       0.79591883227838955     
  0.30000000000000010      -0.15760353440401792        1.0276336162725659        5.1366460467189086       0.82313685854170715     
  0.31000000000000011      -0.21286829279743275        1.0136035438014313        5.1322872585766897       0.85033180271609810     
  0.32000000000000012      -0.26724556781284570       0.99596776862471792        5.1277845582635786       0.87750290319806734     
  0.33000000000000013      -0.32053193344886721       0.97474343932056595        5.1231380780147342       0.90464939911504205     
  0.34000000000000014      -0.37252045999650596       0.94995550700296971        5.1183479540801784       0.93177053034651336     
  0.35000000000000014      -0.42300033687513983       0.92163720159473217        5.1134143267203269       0.95886553754514847     
  0.36000000000000015      -0.47175649260316715       0.88983063153988118        5.1083373402014116       0.98593366215787326     
  0.37000000000000016      -0.51856922245050785       0.85458751978497149        5.1031171427907935        1.0129741464469237     
  0.38000000000000017      -0.56321383679122616       0.81597009040358204        5.0977538867521659        1.0399862335108674     
  0.39000000000000018      -0.60546034640325974       0.77405212181958560        5.0922477283406478        1.0669691673055923     
  0.40000000000000019      -0.64507320511899924       0.72892018409991588        5.0865988277977658        1.0939221926652647     
  0.41000000000000020      -0.68181113551567163       0.68067507908259461        5.0808073493463306        1.1208445553232542     
  0.42000000000000021      -0.71542706997818528       0.62943350295390765        5.0748734611851996        1.1477355019330260     
  0.43000000000000022      -0.74566824772396001       0.57532995096195216        5.0687973354839331        1.1745942800889992     
  0.44000000000000022      -0.77227651851544143       0.51851888278679126        5.0625791483773392        1.2014201383473722     
  0.45000000000000023      -0.79498891605270949       0.45917716403109710        5.0562190799599120        1.2282123262469118     
  0.46000000000000024      -0.81353857862489176       0.39750679346182166        5.0497173142801568        1.2549700943297089     
  0.47000000000000025      -0.82765611155304586       0.33373791583537066        5.0430740393348108        1.2816926941618969     
  0.48000000000000026      -0.83707150506118366       0.26813210482730759        5.0362894470629511        1.3083793783543356     
  0.49000000000000027      -0.84151674179455438       0.20098587780879948        5.0293637333399950        1.3350294005832566     
  0.50000000000000022      -0.84072924886802147       0.13263437160750632        5.0222970979715926        1.3616420156108722     
  0.51000000000000023      -0.83445636757879127        6.3455063293608505E-002   5.0150897446874083        1.3882164793059459     
  0.52000000000000024      -0.82246102569500223       -6.1286402646934688E-003   5.0077418811347956        1.4147520486643248     
  0.53000000000000025      -0.80452879636490005       -7.5644198021609543E-002   5.0002537188723615        1.4412479818294324     
  0.54000000000000026      -0.78047650539766122      -0.14456746527955605        4.9926254733634234        1.4677035381127219     
  0.55000000000000027      -0.75016249330057305      -0.21232142037897572        4.9848573639693559        1.4941179780140899     
  0.56000000000000028      -0.71349853590883783      -0.27827666846522470        4.9769496139428311        1.5204905632422485     
  0.57000000000000028      -0.67046326279358293      -0.34175441536104983        4.9689024504209476        1.5468205567350581     
  0.58000000000000029      -0.62111667382276525      -0.40203268265096997        4.9607161044182542        1.5731072226798182     
  0.59000000000000030      -0.56561503846869898      -0.45835654022051403        4.9523908108196633        1.5993498265335169     
  0.60000000000000031      -0.50422508530697552      -0.50995301517305214        4.9439268083732584        1.6255476350430407     
  0.61000000000000032      -0.43733599510964688      -0.55605104414509432        4.9353243396829942        1.6516999162653425     
  0.62000000000000033      -0.36546738104534138      -0.59590633152554473        4.9265836512012910        1.6778059395875704     
  0.63000000000000034      -0.28927128932228213      -0.62883026024703004        4.9177049932215251        1.7038649757471567     
  0.64000000000000035      -0.20952641326021440      -0.65422114308709500        4.9086886198704178        1.7298762968518688     
  0.65000000000000036      -0.12712328571899142      -0.67159525311113877        4.8995347891003203        1.7558391763998233     
  0.66000000000000036       -4.3040216367981346E-002 -0.68061445537451559        4.8902437626814041        1.7817528892994627     
  0.67000000000000037        4.1688946045172891E-002 -0.68110711714754391        4.8808158061937519        1.8076167118894981     
  0.68000000000000038       0.12601278076235248      -0.67307946402990393        4.8712511890193557        1.8334299219588170     
  0.69000000000000039       0.20890247262398048      -0.65671567123081642        4.8615501843340256        1.8591917987663567     
  0.70000000000000040       0.28939021130418463      -0.63236652507990487        4.8517130690992056        1.8849016230609423     
  0.71000000000000041       0.36660210692458556      -0.60052809709736066        4.8417401240537048        1.9105586771010910     
  0.72000000000000042       0.43978287744141326      -0.56181315174664992        4.8316316337053395        1.9361622446747770     
  0.73000000000000043       0.50831092735515393      -0.51691868450091938        4.8213878863224915        1.9617116111191588     
  0.74000000000000044       0.57170384742492275      -0.46659298564914681        4.8110091739255800        1.9872060633402628     
  0.75000000000000044       0.62961551170449204      -0.41160506920372264        4.8004957922784488        2.0126448898326226     
  0.76000000000000045       0.68182665790916674      -0.35271843266767577        4.7898480408796669        2.0380273806988694     
  0.77000000000000046       0.72823108876163367      -0.29067017355968339        4.7790662229537393        2.0633528276692688     
  0.78000000000000047       0.76881951591818198      -0.22615567231828251        4.7681506454422315        2.0886205241212039     
  0.79000000000000048       0.80366272357830559      -0.15981845755175772        4.7571016189948025        2.1138297650985973     
  0.80000000000000049       0.83289529068389467       -9.2244516269672214E-002   4.7459194579601442        2.1389798473312713     
  0.81000000000000050       0.85670067908244674       -2.3960163782353376E-002   4.7346044803768255        2.1640700692542447     
  0.82000000000000051       0.87529812859796563        4.4567412092529991E-002   4.7231570079640379        2.1890997310269604     
  0.83000000000000052       0.88893152158192912       0.11292772815907175        4.7115773661122411        2.2140681345524462     
  0.84000000000000052       0.89786018840229376       0.18076336767135845        4.6998658838737057        2.2389745834964052     
  0.85000000000000053       0.90235150813067999       0.24776564814954524        4.6880228939529491        2.2638183833062362     
  0.86000000000000054       0.90267509774966515       0.31366998416234165        4.6760487326970663        2.2885988412299847     
  0.87000000000000055       0.89909836145501942       0.37825122103930098        4.6639437400859487        2.3133152663352248     
  0.88000000000000056       0.89188317488875113       0.44131912464602313        4.6517082597223958        2.3379669695278724     
  0.89000000000000057       0.88128349673476536       0.50271414275336646        4.6393426388221135        2.3625532635709336     
  0.90000000000000058       0.86754372461198881       0.56230350233777771        4.6268472282036033        2.3870734631031865     
  0.91000000000000059       0.85089763880316838       0.61997767093096512        4.6142223822779389        2.4115268846578002     
  0.92000000000000060       0.83156780319221613       0.67564718554804859        4.6014684590384345        2.4359128466808935     
  0.93000000000000060       0.80976531631780690       0.72923983683906590        4.5885858200502030        2.4602306695500320     
  0.94000000000000061       0.78568982602325166       0.78069818653573753        4.5755748304396100        2.4844796755926688     
  0.95000000000000062       0.75952973865796236       0.82997739113261126        4.5624358588836191        2.5086591891045260     
  0.96000000000000063       0.73146256832538614       0.87704330263608066        4.5491692775990362        2.5327685363679220     
  0.97000000000000064       0.70165538358262303       0.92187081709867802        4.5357754623316513        2.5568070456700416     
  0.98000000000000065       0.67026531863741368       0.96444244278604996        4.5222547923452820        2.5807740473211522     
  0.99000000000000066       0.63744012381789306        1.0047470616798140        4.5086076504107186        2.6046688736727637     
   1.0000000000000007       0.60331873624057653        1.0427788602456891        4.4948344227945736        2.6284908591357348     
   1.0100000000000007       0.56803185646349041        1.0785364077569075        4.4809354992480372        2.6522393401983222     
   1.0200000000000007       0.53170252073208268        1.1120218628067267        4.4669112729955422        2.6759136554441749     
   1.0300000000000007       0.49444666141225119        1.1432402908787958        4.4527621407233360        2.6995131455702719     
   1.0400000000000007       0.45637365052729723        1.1721990779185019        4.4384885025679646        2.7230371534048015     
   1.0500000000000007       0.41758682311183221        1.1989074267376476        4.4240907621046652        2.7464850239249841     
   1.0600000000000007       0.37818397847692786        1.2233759247818925        4.4095693263356752        2.7698561042748349     
   1.0700000000000007       0.33825785853640866        1.2456161732993969        4.3949246056784492        2.7931497437828670     
   1.0800000000000007       0.29789660314554411        1.2656404692806669        4.3801570139537942        2.8163652939797332     
   1.0900000000000007       0.25718418300749435        1.2834615327078729        4.3652669683739154        2.8395021086158079     
   1.1000000000000008       0.21620081115513978        1.2990922726726353        4.3502548895303796        2.8625595436787044     
   1.1100000000000008       0.17502333435264467        1.3125455868104416        4.3351212013819920        2.8855369574107304     
   1.1200000000000008       0.13372560601125841        1.3238341892730336        4.3198663312425873        2.9084337103262787     
   1.1300000000000008        9.2378842400719349E-002   1.3329704631319046        4.3044907097687393        2.9312491652291532     
   1.1400000000000008        5.1051964079997958E-002   1.3399663336900116        4.2889947709473830        2.9539826872298294     
   1.1500000000000008        9.8119245843510047E-003   1.3448331596872896        4.2733789520833572        2.9766336437626491     
   1.1600000000000008       -3.1275971497517117E-002   1.3475816398298024        4.2576436937868580        2.9992014046029469     
   1.1700000000000008       -7.2147758831186043E-002   1.3482217324626089        4.2417894399608125        3.0216853418841105     
   1.1800000000000008      -0.11274050770913178        1.3467625865520352        4.2258166377881690        3.0440848301145720     
   1.1900000000000008      -0.15299202406081722        1.3432124824527283        4.2097257377191015        3.0663992461947309     
   1.2000000000000008      -0.19284055054493221        1.3375787812168667        4.1935171934581357        3.0886279694338081     
   1.2100000000000009      -0.23222446601182753        1.3298678814652414        4.1771914619511872        3.1107703815666294     
   1.2200000000000009      -0.27108198043026865        1.3200851830907019        4.1607490033725201        3.1328258667703395     
   1.2300000000000009      -0.30935082213198639        1.3082350573121755        4.1441902811116247        3.1547938116810443     
   1.2400000000000009      -0.34696791392935494        1.2943208228514289        4.1275157617600096        3.1766736054103841     
   1.2500000000000009      -0.38386903429325808        1.2783447282755720        4.1107259150979143        3.1984646395620322     
   1.2600000000000009      -0.41998845932468937        1.2603079408486026        4.0938212140809407        3.2201663082481233     
   1.2700000000000009      -0.45525858069647979        1.2402105425804879        4.0768021348266013        3.2417780081056100     
   1.2800000000000009      -0.48960949405814358        1.2180515345717515        4.0596691566007888        3.2632991383125445     
   1.2900000000000009      -0.52296855155914312        1.1938288512501969        4.0424227618041639        3.2847291006042880     
   1.3000000000000009      -0.55525987111892794        1.1675393867167467        4.0250634359584625        3.3060672992896469     
   1.3100000000000009      -0.58640379381206531        1.1391790362024725        4.0075916676927239        3.3273131412669339     
   1.3200000000000010      -0.61631627918849696        1.1087427566463781        3.9900079487294375        3.3484660360399552     
   1.3300000000000010      -0.64490822644282264        1.0762246517113994        3.9723127738706130        3.3695253957339220     
   1.3400000000000010      -0.67208470699448530        1.0416180882709145        3.9545066409837686        3.3904906351112873     
   1.3500000000000010      -0.69774409113132652        1.0049158536665839        3.9365900509878431        3.4113611715875072     
   1.3600000000000010      -0.72177704776099982       0.96611036606446188        3.9185635078390275        3.4321364252467248     
   1.3700000000000010      -0.74406539182968678       0.92519395430582296        3.9004275185165200        3.4528158188573794     
   1.3800000000000010      -0.76448074838077629       0.88215922916601053        3.8821825930082032        3.4733987778877373     
   1.3900000000000010      -0.78288299525713712       0.83699957547508119        3.8638292442962436        3.4938847305213456     
   1.4000000000000010      -0.79911843775416780       0.78970980494745557        3.8453679883426144        3.5142731076724081     
   1.4100000000000010      -0.81301765769274692       0.74028702401914137        3.8267993440745416        3.5345633430010830     
   1.4200000000000010      -0.82439296592646760       0.68873179126755657        3.8081238333698750        3.5547548729287017     
   1.4300000000000010      -0.83303537072771250       0.63504966770716331        3.7893419810423818        3.5748471366529082     
   1.4400000000000011      -0.83871095439177501       0.57925330432501687        3.7704543148269658        3.5948395761627183     
   1.4500000000000011      -0.84115652665006624       0.52136527054262549        3.7514613653648099        3.6147316362534991     
   1.4600000000000011      -0.84007439680881935       0.46142191383413234        3.7323636661884456        3.6345227645418663     
   1.4700000000000011      -0.83512607954135198       0.39947866822728301        3.7131617537067463        3.6542124114805001     
   1.4800000000000011      -0.82592472868702982       0.33561741896673764        3.6938561671898458        3.6738000303728775     
   1.4900000000000011      -0.81202609464387665       0.26995681463594218        3.6744474487539835        3.6932850773879204     
   1.5000000000000011      -0.79291785737296716       0.20266684581028907        3.6549361433462737        3.7126670115745588     
   1.5100000000000011      -0.76800736911282874       0.13398965392624931        3.6353227987293999        3.7319452948762057     
   1.5200000000000011      -0.73660829497953106        6.4269497434065861E-002   3.6156079654662334        3.7511193921451427     
   1.5300000000000011      -0.69792766603732725       -6.0037936626885485E-003   3.5957921969043740        3.7701887711568127     
   1.5400000000000011      -0.65105706453565815       -7.6131619569581185E-002   3.5758760491606130        3.7891529026240161     
   1.5500000000000012      -0.59497623106264819      -0.14511516338290945        3.5558600811053118        3.8080112602110043     
   1.5600000000000012      -0.52858648295646082      -0.21152579451584300        3.5357448543466932        3.8267633205474660     
   1.5700000000000012      -0.45080827891640651      -0.27333098372604492        3.5155309332150364        3.8454085632423940     
   1.5800000000000012      -0.36080460242432522      -0.32768932652998534        3.4952188847467647        3.8639464708978273     
   1.5900000000000012      -0.25842078029506210      -0.37078979797886902        3.4748092786684079        3.8823765291224581     
   1.6000000000000012      -0.14490895449327740      -0.39794631195082764        3.4543026873804243        3.9006982265451100     
   1.6100000000000012       -2.3789281025214135E-002 -0.40432916341195402        3.4336996859408719        3.9189110548281190     
   1.6200000000000012        9.8820294611602397E-002 -0.38659281978365506        3.4130008520489601        3.9370145086807087     
   1.6300000000000012       0.21536613953613828      -0.34473361736659208        3.3922067660285729        3.9550080858724934     
   1.6400000000000012       0.31933012819895928      -0.28250444597390600        3.3713180108119016        3.9728912872472115     
   1.6500000000000012       0.40710790005277969      -0.20577402987332596        3.3503351719232684        3.9906636167366347     
   1.6600000000000013       0.47803501167181400      -0.12036808917583287        3.3292588374630836        4.0083245813744579     
   1.6700000000000013       0.53329265927499236       -3.0872716809497772E-002   3.3080895980918137        4.0258736913100064     
   1.6800000000000013       0.57482619979433036        5.9550374740164842E-002   3.2868280470138602        4.0433104598216998     
   1.6900000000000013       0.60469264220647667       0.14888885933135987        3.2654747799613206        4.0606344033302921     
   1.7000000000000013       0.62476899826443788       0.23593215457034059        3.2440303951776239        4.0778450414119289     
   1.7100000000000013       0.63666218734985558       0.31999165769942017        3.2224954934010555        4.0949418968110525     
   1.7200000000000013       0.64170932247968482       0.40070718232803421        3.2008706778481835        4.1119244954531791     
   1.7300000000000013       0.64101066237359150       0.47792132660323877        3.1791565541971960        4.1287923664575636     
   1.7400000000000013       0.63546960922708107       0.55160012564908467        3.1573537305711574        4.1455450421497595     
   1.7500000000000013       0.62582987643952825       0.62178344763880877        3.1354628175211867        4.1621820580740785     
   1.7600000000000013       0.61270687083960129       0.68855406476781778        3.1134844280095653        4.1787029530059536     
   1.7700000000000014       0.59661309563071596       0.75201837026068186        3.0914191773927722        4.1951072689642066     
   1.7800000000000014       0.57797832650748693       0.81229436646916220        3.0692676834044530        4.2113945512232229     
   1.7900000000000014       0.55716551882293563       0.86950421394331578        3.0470305661383201        4.2275643483250311     
   1.8000000000000014       0.53448333572266804       0.92376965790778942        3.0247084480309878        4.2436162120912924     
   1.8100000000000014       0.51019603963339077       0.97520927944669877        3.0023019538447424        4.2595496976351956     
   1.8200000000000014       0.48453133738662257        1.0239369078477973        2.9798117106502486        4.2753643633732628     
   1.8300000000000014       0.45768663765221668        1.0700607723571012        2.9572383478091924        4.2910597710370606     
   1.8400000000000014       0.42983407337483576        1.1136831231940651        2.9345824969568608        4.3066354856848221     
   1.8500000000000014       0.40112455943478986        1.1549001476333869        2.9118447919846626        4.3220910757129785     
   1.8600000000000014       0.37169109264619543        1.1938020682690427        2.8890258690225861        4.3374261128675959     
   1.8700000000000014       0.34165145327592833        1.2304733500958891        2.8661263664215975        4.3526401722557271     
   1.8800000000000014       0.31111043094588475        1.2649929687210748        2.8431469247359815        4.3677328323566682     
   1.8900000000000015       0.28016167023029442        1.2974347088139810        2.8200881867056218        4.3827036750331256     
   1.9000000000000015       0.24888921030036307        1.3278674729502797        2.7969507972382255        4.3975522855422922     
   1.9100000000000015       0.21736877695749038        1.3563555882984173        2.7737354033914907        4.4122782525468347     
   1.9200000000000015       0.18566887310588578        1.3829591034196773        2.7504426543552172        4.4268811681257887     
   1.9300000000000015       0.15385170423112246        1.4077340706401469        2.7270732014333636        4.4413606277853610     
   1.9400000000000015       0.12197396809208641        1.4307328115509332        2.7036276980260499        4.4557162304696440     
   1.9500000000000015        9.0087532091880487E-002   1.4520041645627044        2.6801067996115044        4.4699475785712375     
   1.9600000000000015        5.8240017288314384E-002   1.4715937143220128        2.6565111637279615        4.4840542779417776     
   1.9700000000000015        2.6475304450921385E-002   1.4895440033504517        2.6328414499555031        4.4980359379023769     
   1.9800000000000015       -5.1660252467200700E-003   1.5058947266014651        2.6090983198978512        4.5118921712539697     
   1.9900000000000015       -3.6646304556867772E-002   1.5206829098165127        2.5852824371641097        4.5256225942875661     
   2.0000000000000013       -6.7930440966398942E-002   1.5339430726516901        2.5613944673504543        4.5392268267944154     
   2.0100000000000011       -9.8985616888920880E-002   1.5457073775713424        2.5374350780217743        4.5527044920760735     
   2.0200000000000009      -0.12978102331455502        1.5560057654894308        2.5134049386932640        4.5660552169543793     
   2.0300000000000007      -0.16028762194086474        1.5648660790978282        2.4893047208119676        4.5792786317813370     
   2.0400000000000005      -0.19047793158105908        1.5723141747636920        2.4651350977382740        4.5923743704489048     
   2.0500000000000003      -0.22032583527642605        1.5783740238125403        2.4408967447273660        4.6053420703986907     
   2.0600000000000001      -0.24980640505607890        1.5830678039441812        2.4165903389106216        4.6181813726315513     
   2.0699999999999998      -0.27889574170989212        1.5864159814581646        2.3922165592769700        4.6308919217170983     
   2.0799999999999996      -0.30757082728680402        1.5884373848957336        2.3677760866542008        4.6434733658031107     
   2.0899999999999994      -0.33580938831377127        1.5891492706373909        2.3432696036902292        4.6559253566248495     
   2.0999999999999992      -0.36358976796108100        1.5885673809296665        2.3186977948343150        4.6682475495142786     
   2.1099999999999990      -0.39089080556572159        1.5867059947516051        2.2940613463182387        4.6804396034091900     
   2.1199999999999988      -0.41769172207255245        1.5835779718707634        2.2693609461374331        4.6925011808622319     
   2.1299999999999986      -0.44397201006808129        1.5791947903798249        2.2445972840320718        4.7044319480498427     
   2.1399999999999983      -0.46971132716751118        1.5735665779478478        2.2197710514681148        4.7162315747810846     
   2.1499999999999981      -0.49488939157506578        1.5667021369641498        2.1948829416183120        4.7278997345063853     
   2.1599999999999979      -0.51948587867221308        1.5586089636972549        2.1699336493431645        4.7394361043261792     
   2.1699999999999977      -0.54348031749921444        1.5492932615355000        2.1449238711718452        4.7508403649994531     
   2.1799999999999975      -0.56685198598253661        1.5387599483190351        2.1198543052830781        4.7621122009521937     
   2.1899999999999973      -0.58957980372336871        1.5270126577141732        2.0947256514859762        4.7732513002857369     
   2.1999999999999971      -0.61164222109920752        1.5140537345193898        2.0695386112008411        4.7842573547850202     
   2.2099999999999969      -0.63301710333866668        1.4998842237266250        2.0442938874399221        4.7951300599267377     
   2.2199999999999966      -0.65368160810567666        1.4845038530906434        2.0189921847881367        4.8058691148873942     
   2.2299999999999964      -0.67361205496809151        1.4679110088816245        1.9936342093837520        4.8164742225512622     
   2.2399999999999962      -0.69278378492079828        1.4501027044101948        1.9682206688990287        4.8269450895182420     
   2.2499999999999960      -0.71117100787610155        1.4310745408178212        1.9427522725208264        4.8372814261116179     
   2.2599999999999958      -0.72874663571320275        1.4108206595165578        1.9172297309311732        4.8474829463857221     
   2.2699999999999956      -0.74548209807946753        1.3893336855378502        1.8916537562877973        4.8575493681334923     
   2.2799999999999954      -0.76134713763997530        1.3666046609072242        1.8660250622046228        4.8674804128939346     
   2.2899999999999952      -0.77630958085396706        1.3426229669964080        1.8403443637322305        4.8772758059594850     
   2.2999999999999949      -0.79033507958502747        1.3173762346122115        1.8146123773382823        4.8869352763832712     
   2.3099999999999947      -0.80338681788371991        1.2908502403569662        1.7888298208879112        4.8964585569862740     
   2.3199999999999945      -0.81542517706065576        1.2630287875322366        1.7629974136240778        4.9058453843643886     
   2.3299999999999943      -0.82640735061938209        1.2338935695485713        1.7371158761478918        4.9150954988953872     
   2.3399999999999941      -0.83628689864058214        1.2034240134410041        1.7111859303989005        4.9242086447457787     
   2.3499999999999939      -0.84501322866386253        1.1715971006637957        1.6852082996353457        4.9331845698775680     
   2.3599999999999937      -0.85253098681112094        1.1383871618391954        1.6591837084143859        4.9420230260549163     
   2.3699999999999934      -0.85877933857253952        1.1037656415553903        1.6331128825722891        4.9507237688506978     
   2.3799999999999932      -0.86369111296210677        1.0677008286431950        1.6069965492045930        4.9592865576529590     
   2.3899999999999930      -0.86719177611690901        1.0301575466122139        1.5808354366462340        4.9677111556712727     
   2.3999999999999928      -0.86919819010260990       0.99109679811459439        1.5546302744516474        4.9759973299429925     
   2.4099999999999926      -0.86961709858337322       0.95047535648042247        1.5283817933748363        4.9841448513394058     
   2.4199999999999924      -0.86834326146310936       0.90824529664899722        1.5020907253494125        4.9921534945717854     
   2.4299999999999922      -0.86525713310397834       0.86435345744115555        1.4757578034686083        5.0000230381973383     
   2.4399999999999920      -0.86022193942297842       0.81874082754581612        1.4493837619652603        5.0077532646250527     
   2.4499999999999917      -0.85307995199935660       0.77134184973585951        1.4229693361917657        5.0153439601214425     
   2.4599999999999915      -0.84364767255740669       0.72208364344673737        1.3965152626000119        5.0227949148161901     
   2.4699999999999913      -0.83170951278607064       0.67088515840036422        1.3700222787212806        5.0301059227076879     
   2.4799999999999911      -0.81700935529069485       0.61765629831856483        1.3434911231461257        5.0372767816684734     
   2.4899999999999909      -0.79923906425324009       0.56229710797047749        1.3169225355042280        5.0443072934505651     
   2.4999999999999907      -0.77802249386896372       0.50469722827896601        1.2903172564442253        5.0511972636906934     
   2.5099999999999905      -0.75289265934467975       0.44473605706982605        1.2636760276135217        5.0579465019154268     
   2.5199999999999902      -0.72325817795785652       0.38228455313965282        1.2369995916380754        5.0645548215461940     
   2.5299999999999900      -0.68835221957567261       0.31721073870568756        1.2102886921021683        5.0710220399042010     
   2.5399999999999898      -0.64715165285312326       0.24939358588613125        1.1835440735281599        5.0773479782152382     
   2.5499999999999896      -0.59824268878469877       0.17875659508248620        1.1567664813562302        5.0835324616143760     
   2.5599999999999894      -0.53958443742594553       0.10535052797898090        1.1299566619241159        5.0895753191505388     
   2.5699999999999892      -0.46806362024409248        2.9570252148377739E-002   1.1031153624468535        5.0954763837909454     
   2.5799999999999890      -0.37859085578468704       -4.7214323261042350E-002   1.0762433309965442        5.1012354924253707     
   2.5899999999999888      -0.26216923442412121      -0.12051644053680753        1.0493413164821763        5.1068524858701299     
   2.5999999999999885      -0.10263269321437714      -0.17388828514990431        1.0224100686295552        5.1123272088714646     
   2.6099999999999883       0.10614866163005499      -0.14374543895868067       0.99545033796131732        5.1176595101071065     
   2.6199999999999881       0.24150565996440498       -1.4012471641183508E-002  0.96846287577520174        5.1228492421815508     
   2.6299999999999879       0.30953557380716956       0.11976599859970405       0.94144843411591461        5.1278962616304193     
   2.6399999999999877       0.34416001607585789       0.24075807122054724       0.91440776575786276        5.1328004289363029     
   2.6499999999999875       0.36046514949996800       0.34907587043718941       0.88734162418703300        5.1375616085340070     
   2.6599999999999873       0.36552460568995399       0.44664683277633588       0.86025076358134500        5.1421796688139674     
   2.6699999999999871       0.36309564392577831       0.53521321465768645       0.83313593879048919        5.1466544821254541     
   2.6799999999999868       0.35538577155172135       0.61614294579139750       0.80599790531556359        5.1509859247797340     
   2.6899999999999866       0.34379503072063466       0.69049304483014651       0.77883741928861427        5.1551738770531834     
   2.6999999999999864       0.32926496217613349       0.75908886661921993       0.75165523745212048        5.1592182231903401     
   2.7099999999999862       0.31245856541391642       0.82258561097931104       0.72445211713844349        5.1631188514068791     
   2.7199999999999860       0.29386027464502268       0.88151230136341319       0.69722881624924826        5.1668756538925029     
   2.7299999999999858       0.27383495150169840       0.93630286088221759       0.66998609323490366        5.1704885268137435     
   2.7399999999999856       0.25266446172080875       0.98731826240388765       0.64272470707386398        5.1739573703166659     
   2.7499999999999853       0.23057130856011532        1.0348625584771614       0.61544541725203450        5.1772820885294752     
   2.7599999999999851       0.20773444452213238        1.0791946796215925       0.58814898374212199        5.1804625895650265     
   2.7699999999999849       0.18430016987543785        1.1205372641784337       0.56083616698297156        5.1834987855232297     
   2.7799999999999847       0.16038984059133782        1.1590833715957003       0.53350772785889111        5.1863905924933551     
   2.7899999999999845       0.13610544370345409        1.1950016615690708       0.50616442767896352        5.1891379305562335     
   2.7999999999999843       0.11153371082352177        1.2284404434971088       0.47880702815634785        5.1917407237863546     
   2.8099999999999841        8.6749207046619009E-002   1.2595308816195974       0.45143629138756991        5.1941989002538618     
   2.8199999999999839        6.1816687392185057E-002   1.2883895603144937       0.42405297983180279        5.1965123920264400     
   2.8299999999999836        3.6792920333138385E-002   1.3151205582307688       0.39665785629013794        5.1986811351711006     
   2.8399999999999834        1.1728117442483185E-002   1.3398171408614690       0.36925168388484753        5.2007050697558608     
   2.8499999999999832       -1.3332932232498975E-002   1.3625631534015257       0.34183522603863808        5.2025841398513162     
   2.8599999999999830       -3.8349951980789665E-002   1.3834341757398951       0.31440924645389662        5.2043182935321122     
   2.8699999999999828       -6.3286439408688583E-002   1.4024984868458792       0.28697450909192918        5.2059074828783052     
   2.8799999999999826       -8.8109062008853753E-002   1.4198178750333255       0.25953177815219264        5.2073516639766222     
   2.8899999999999824      -0.11278715733277178        1.4354483225353469       0.23208181805152012        5.2086507969216109     
   2.8999999999999821      -0.13729231573277845        1.4494405867419402       0.20462539340334052        5.2098048458166870     
   2.9099999999999819      -0.16159802873503007        1.4618406958140320       0.17716326899689278        5.2108137787750746     
   2.9199999999999817      -0.18567938988164634        1.4726903728140459       0.14969620977643525        5.2116775679206411     
   2.9299999999999815      -0.20951283770796414        1.4820273997149220       0.12222498082045068        5.2123961893886266     
   2.9399999999999813      -0.23307593265693816        1.4898859304704313        9.4750347320847403E-002   5.2129696233262672     
   2.9499999999999811      -0.25634716135889019        1.4962967606056348        6.7273074562157156E-002   5.2133978538933121     
   2.9599999999999809      -0.27930576295068266        1.5012875594107089        3.9793927900730074E-002   5.2136808692624346     
   2.9699999999999807      -0.30193157306739310        1.5048830697142179        1.2313672743927339E-002   5.2138186616195394     
   2.9799999999999804      -0.32420488187959173        1.5071052793129063       -1.5166925470687974E-002   5.2138112271639621     
   2.9899999999999802      -0.34610630312005852        1.5079735673981467       -4.2647101296161380E-002   5.2136585661085624     
   2.9999999999999800      -0.36761665148173994        1.5075048287088231       -7.0126089296958252E-002   5.2133606826797143     
   3.0099999999999798      -0.38871682610081165        1.5057135776289958       -9.7603124069775365E-002   5.2129175851171876     
   3.0199999999999796      -0.40938769808456549        1.5026120340143714      -0.12507744026435225        5.2123292856739267     
   3.0299999999999794      -0.42961000021769780        1.4982101921569149      -0.15254827260428169        5.2115958006157195     
   3.0399999999999792      -0.44936421709240248        1.4925158739676698      -0.18001485590781910        5.2107171502207654     
   3.0499999999999790      -0.46863047396398189        1.4855347671621142      -0.20747642510868994        5.2096933587791350     
   3.0599999999999787      -0.48738842263808857        1.4772704489600010      -0.23493221527689495        5.2085244545921237     
   3.0699999999999785      -0.50561712264919434        1.4677243955535533      -0.26238146163951254        5.2072104699715007     
   3.0799999999999783      -0.52329491589093535        1.4568959773456960      -0.28982339960149756        5.2057514412386539     
   3.0899999999999781      -0.54039929270349574        1.4447824397055371      -0.31725726476647653        5.2041474087236264     
   3.0999999999999779      -0.55690674720420308        1.4313788687231646      -0.34468229295753833        5.2023984167640496     
   3.1099999999999777      -0.57279261935468984        1.4166781411609899      -0.37209772023801968        5.2005045137039696     
   3.1199999999999775      -0.58803092087689313        1.4006708574841924      -0.39950278293228558        5.1984657518925692     
   3.1299999999999772      -0.60259414164116787        1.3833452564964317      -0.42689671764650328        5.1962821876827840     
   3.1399999999999770      -0.61645303252643080        1.3646871096946027      -0.45427876128941003        5.1939538814298132     
   3.1499999999999768      -0.62957635995906747        1.3446795929703310      -0.48164815109307363        5.1914808974895248     
   3.1599999999999766      -0.64193062632669828        1.3233031327038720      -0.50900412463364531        5.1888633042167571     
   3.1699999999999764      -0.65347974917054463        1.3005352225895648      -0.53634591985210434        5.1861011739635137     
   3.1799999999999762      -0.66418469039876915        1.2763502066639782      -0.56367277507499436        5.1831945830770527     
   3.1899999999999760      -0.67400302461319139        1.2507190229297460      -0.59098392903515007        5.1801436118978730     
   3.1999999999999758      -0.68288843283778644        1.2236089006152497      -0.61827862089241425        5.1769483447575935     
   3.2099999999999755      -0.69079010424805598        1.1949830023961470      -0.64555609025434446        5.1736088699767286     
   3.2199999999999753      -0.69765202359844192        1.1648000007118033      -0.67281557719690899        5.1701252798623596     
   3.2299999999999751      -0.70341211546130322        1.1330135744771532      -0.70005632228517101        5.1664976707056987     
   3.2399999999999749      -0.70800120744360773        1.0995718087957667      -0.72727756659396137        5.1627261427795519     
   3.2499999999999747      -0.71134176222966639        1.0644164754115806      -0.75447855172853817        5.1588108003356741     
   3.2599999999999745      -0.71334631109885516        1.0274821651545236      -0.78165851984523371        5.1547517516020234     
   3.2699999999999743      -0.71391549717653069       0.98869523490953515      -0.80881671367208774        5.1505491087799076     
   3.2799999999999740      -0.71293560149252155       0.94797251975916974      -0.83595237652946608        5.1462029880410300     
   3.2899999999999738      -0.71027537320397360       0.90521974458782506      -0.86306475235066482        5.1417135095244291     
   3.2999999999999736      -0.70578190771378935       0.86032954663134331      -0.89015308570249885        5.1370807973333168     
   3.3099999999999734      -0.69927519715795738       0.81317898830297275      -0.91721662180587404        5.1323049795318125     
   3.3199999999999732      -0.69054078966388088       0.76362639381080422      -0.94425460655634319        5.1273861881415757     
   3.3299999999999730      -0.67931968829947187       0.71150727726621843      -0.97126628654464375        5.1223245591383346     
   3.3399999999999728      -0.66529410745905426       0.65662903519987059      -0.99825090907721736        5.1171202324483174     
   3.3499999999999726      -0.64806680835492447       0.59876394126719434       -1.0252077221967100        5.1117733519445805     
   3.3599999999999723      -0.62713009864713654       0.53763979596260525       -1.0521359747024512        5.1062840654432389     
   3.3699999999999721      -0.60181742962782203       0.47292736273287383       -1.0790349161709110        5.1006525246996004     
   3.3799999999999719      -0.57122405969748657       0.40422358625299404       -1.1059037969761316        5.0948788854042073     
   3.3899999999999717      -0.53406893444013215       0.33103012200306370       -1.1327418683101311        5.0889633071787888     
   3.3999999999999715      -0.48843505072971277       0.25273049110389068       -1.1595483822032704        5.0829059535721308     
   3.4099999999999713      -0.43122963989905494       0.16858839294678232       -1.1863225915445728        5.0767069920558798     
   3.4199999999999711      -0.35689638237240517        7.7891474357909080E-002  -1.2130637501019657        5.0703665940202951     
   3.4299999999999708      -0.25368352620577034       -1.8969646197305394E-002  -1.2397711125423705        5.0638849347699848     
   3.4399999999999706       -8.9663819584369225E-002 -0.11114449087227865       -1.2664439344513929        5.0572621935196524     
   3.4499999999999704       0.19587904249038351       -5.2516116778105720E-002  -1.2930814723514290        5.0504985533893301     
   3.4599999999999702       0.38866665085860352        3.1097831551643924E-002  -1.3196829837108792        5.0435942013840354     
   3.4699999999999700       0.55552612400677170       0.11276726730213005       -1.3462477269837503        5.0365493283968448     
   3.4799999999999698       0.71029655484984111       0.19211814631838162       -1.3727749616268268        5.0293641292105100     
   3.4899999999999696       0.85797492448797508       0.26968944162129371       -1.3992639481191647        5.0220388024929221     
   3.4999999999999694        1.0009389837851344       0.34591953780759888       -1.4257139479820686        5.0145735507919529     
   3.5099999999999691        1.1405136200534736       0.42112005942187175       -1.4521242237992011        5.0069685805300832     
   3.5199999999999689        1.2775162219825764       0.49551309155350670       -1.4784940392367221        4.9992241019988821     
   3.5299999999999687        1.4124882805539674       0.56926051396774680       -1.5048226590634233        4.9913403293533660     
   3.5399999999999685        1.5458078944168303       0.64248317133284816       -1.5311093491708379        4.9833174806062379     
   3.5499999999999683        1.6777500050896283       0.71527321796487853       -1.5573533765933174        4.9751557776220157     
   3.5599999999999681        1.8085211151907368       0.78770221786888628       -1.5835540095280691        4.9668554461110528     
   3.5699999999999679        1.9382804913351035       0.85982660088426111       -1.6097105173551529        4.9584167156234544     
   3.5799999999999677        2.0671537305822785       0.93169143720429293       -1.6358221706574343        4.9498398195428921     
   3.5899999999999674        2.1952417794065515        1.0033331145268791       -1.6618882412404952        4.9411249950803189     
   3.5999999999999672        2.3226271240708738        1.0747812803685848       -1.6879080021525010        4.9322724832675906     
   3.6099999999999670        2.4493781557790943        1.1460602800978335       -1.7138807277040260        4.9232825289509909     
   3.6199999999999668        2.5755523205748374        1.2171902409417941       -1.7398056934878379        4.9141553807846652     
   3.6299999999999666        2.7011984379636287        1.2881879021943610       -1.7656821763986428        4.9048912912239624     
   3.6399999999999664        2.8263584374164692        1.3590672599558158       -1.7915094546527921        4.8954905165186879     
   3.6499999999999662        2.9510686787902256        1.4298400739465504       -1.8172868078079525        4.8859533167062645     
   3.6599999999999659        3.0753609699396516        1.5005162701077641       -1.8430135167827402        4.8762799556048062     
   3.6699999999999657        3.1992633604306420        1.5711042633236791       -1.8686888638763213        4.8664707008060999     
   3.6799999999999655        3.3228007673567870        1.6416112181244429       -1.8943121327879779        4.8565258236684965     
   3.6899999999999653        3.4459954736696927        1.7120432606813083       -1.9198826086366416        4.8464455993097122     
   3.6999999999999651        3.5688675286194629        1.7824056521600493       -1.9453995779803939        4.8362303065995373     
   3.7099999999999649        3.6914350722719900        1.8527029311462113       -1.9708623288359348        4.8258802281524522     
   3.7199999999999647        3.8137146006024976        1.9229390311255898       -1.9962701506980194        4.8153956503201520     
   3.7299999999999645        3.9357211836916566        1.9931173777127336       -2.0216223345588609        4.8047768631839745     
   3.7399999999999642        4.0574686466262069        2.0632409693446565       -2.0469181729275019        4.7940241605472345     
   3.7499999999999640        4.1789697205285314        2.1333124444101155       -2.0721569598491523        4.7831378399274653     
   3.7599999999999638        4.3002361695012938        2.2033341372063666       -2.0973379909244931        4.7721182025485600     
   3.7699999999999636        4.4212788980288789        2.2733081246624449       -2.1224605633289468        4.7609655533328201     
   3.7799999999999634        4.5421080424241618        2.3432362654099377       -2.1475239758319122        4.7496802008929038     
   3.7899999999999632        4.6627330491733145        2.4131202324966141       -2.1725275288159640        4.7382624575236809     
   3.7999999999999630        4.7831627424593677        2.4829615408086654       -2.1974705242960155        4.7267126391939875     
   3.8099999999999627        4.9034053826977777        2.5527615700814672       -2.2223522659384445        4.7150310655382839     
   3.8199999999999625        5.0234687175651791        2.6225215842274685       -2.2471720590801820        4.7032180598482132     
   3.8299999999999623        5.1433600267239648        2.6922427475859751       -2.2719292107477611        4.6912739490640654     
   3.8399999999999621        5.2630861612239128        2.7619261385978402       -2.2966230296763275        4.6791990637661396     
   3.8499999999999619        5.3826535783852201        2.8315727613241242       -2.3212528263286094        4.6669937381660116     
   3.8599999999999617        5.5020683728254038        2.9011835551583434       -2.3458179129138470        4.6546583100976999     
   3.8699999999999615        5.6213363041782261        2.9707594030243194       -2.3703176034066793        4.6421931210087379     
   3.8799999999999613        5.7404628219603095        3.0403011383037657       -2.3947512135659905        4.6295985159511446     
   3.8899999999999610        5.8594530879660027        3.1098095506978769       -2.4191180609537115        4.6168748435723002     
   3.8999999999999608        5.9783119965098042        3.1792853911939489       -2.4434174649535789        4.6040224561057226     
   3.9099999999999606        6.0970441927855115        3.2487293762803056       -2.4676487467898500        4.5910417093617486     
   3.9199999999999604        6.2156540895700578        3.3181421915296130       -2.4918112295459718        4.5779329627181164     
   3.9299999999999602        6.3341458824659984        3.3875244946512710       -2.5159042381832060        4.5646965791104517     
   3.9399999999999600        6.4525235638484446        3.4568769180973344       -2.5399270995592063        4.5513329250226562     
   3.9499999999999598        6.5707909356588239        3.5262000712928221       -2.5638791424465501        4.5378423704772022     
   3.9599999999999596        6.6889516211682833        3.5954945425498819       -2.5877596975512231        4.5242252890253276     
   3.9699999999999593        6.8070090758171586        3.6647609007157307       -2.6115680975310549        4.5104820577371383     
   3.9799999999999591        6.9249665972231211        3.7339996965962841       -2.6353036770141074        4.4966130571916114     
   3.9899999999999589        7.0428273344389485        3.8032114641906700       -2.6589657726170137        4.4826186714665068     
   3.9999999999999587        7.1605942965309533        3.8723967217661914       -2.6825537229632679        4.4684992881281813     
   4.0099999999999589        7.2782703605406525        3.9415559727985694       -2.7060668687014644        4.4542552982213071     
   4.0199999999999587        7.3958582788850435        4.0106897067983303       -2.7295045525234873        4.4398870962584960     
   4.0299999999999585        7.5133606862446216        4.0797984000408638       -2.7528661191826487        4.4253950802098316     
   4.0399999999999583        7.6307801059829199        4.1488825162148917       -2.7761509155117747        4.4107796514923043     
   4.0499999999999581        7.7481189561366994        4.2179425070017151       -2.7993582904412415        4.3960412149591530     
   4.0599999999999579        7.8653795550118755        4.2869788125956525       -2.8224875950169563        4.3811801788891138     
   4.0699999999999577        7.9825641264167269        4.3559918621744167       -2.8455381824182870        4.3661969549755755     
   4.0799999999999574        8.0996748045608484        4.4249820743267803       -2.8685094079759379        4.3510919583156422     
   4.0899999999999572        8.2167136386455724        4.4939498574437140       -2.8914006291897714        4.3358656073991009     
   4.0999999999999570        8.3336825971691848        4.5628956100781970       -2.9142112057465757        4.3205183240972973     
   4.1099999999999568        8.4505835719681262        4.6318197212780712       -2.9369404995377772        4.3050505336519223     
   4.1199999999999566        8.5674183820134786        4.7007225708956204       -2.9595878746770974        4.2894626646637022     
   4.1299999999999564        8.6841887769803403        4.7696045298769674       -2.9821526975181540        4.2737551490809995     
   4.1399999999999562        8.8008964406061931        4.8384659605338962       -3.0046343366720065        4.2579284221883213     
   4.1499999999999559        8.9175429938529955        4.9073072168002962       -3.0270321630246437        4.2419829225947367     
   4.1599999999999557        9.0341299978865361        4.9761286444750734       -3.0493455497544146        4.2259190922222025     
   4.1699999999999555        9.1506589568854722        5.0449305814530909       -3.0715738723494015        4.2097373762937993     
   4.1799999999999553        9.2671313206914814        5.1137133579454561       -3.0937165086247354        4.1934382233218770     
   4.1899999999999551        9.3835484873110779        5.1824772966902639       -3.1157728387398520        4.1770220850961097     
   4.1999999999999549        9.4999118052788027        5.2512227131547373       -3.1377422452156893        4.1604894166714592     
   4.2099999999999547        9.6162225758907773        5.3199499157295671       -3.1596241129518248        4.1438406763560529     
   4.2199999999999545        9.7324820553169289        5.3886592059161211       -3.1814178292435531        4.1270763256989671     
   4.2299999999999542        9.8486914565995711        5.4573508785071052       -3.2031227837989031        4.1101968294779256     
   4.2399999999999540        9.9648519515454819        5.5260252217611656       -3.2247383687555948        4.0932026556869081     
   4.2499999999999538        10.080964672518078        5.5946825175718535       -3.2462639786979333        4.0760942755236691     
   4.2599999999999536        10.197030714135844        5.6633230416313163       -3.2676990106736423        4.0588721633771696     
   4.2699999999999534        10.313051134882707        5.7319470635890246       -3.2890428642106353        4.0415367968149205     
   4.2799999999999532        10.429026958635689        5.8005548472058130       -3.3102949413337224        4.0240886565702381     
   4.2899999999999530        10.544959176114750        5.8691466505034651       -3.3314546465812556        4.0065282265294124     
   4.2999999999999527        10.660848746259472        5.9377227259100556       -3.3525213870217101        3.9888559937187904     
   4.3099999999999525        10.776696597536830        6.0062833204012316       -3.3734945722702014        3.9710724482917685     
   4.3199999999999523        10.892503629184096        6.0748286756375984       -3.3943736145049379        3.9531780835157022     
   4.3299999999999521        11.008270712390599        6.1433590280983577       -3.4151579284836076        3.9351733957587269     
   4.3399999999999519        11.123998691421839        6.2118746092113275       -3.4358469315597016        3.9170588844764951     
   4.3499999999999517        11.239688384689227        6.2803756454794719       -3.4564400436987692        3.8988350521988262     
   4.3599999999999515        11.355340585768509        6.3488623586040474       -3.4769366874946086        3.8805024045162728     
   4.3699999999999513        11.470956064369734        6.4173349656044696       -3.4973362881853896        3.8620614500665997     
   4.3799999999999510        11.586535567261443        6.4857936789350017       -3.5176382736697098        3.8435127005211807     
   4.3899999999999508        11.702079819151605        6.5542387065983494       -3.5378420745225831        3.8248566705713096     
   4.3999999999999506        11.817589523527637        6.6226702522562508       -3.5579471240113603        3.8060938779144275     
   4.4099999999999504        11.933065363457732        6.6910885153371451       -3.5779528581115803        3.7872248432402662     
   4.4199999999999502        12.048508002355563        6.7594936911409924       -3.5978587155227535        3.7682500902169083     
   4.4299999999999500        12.163918084710311        6.8278859709413258       -3.6176641376840748        3.7491701454767652     
   4.4399999999999498        12.279296236783855        6.8962655420846035       -3.6373685687900683        3.7299855386024707     
   4.4499999999999496        12.394643067276835        6.9646325880869329       -3.6569714558061599        3.7106968021126931     
   4.4599999999999493        12.509959167965206        7.0329872887282319       -3.6764722484841803        3.6913044714478653     
   4.4699999999999491        12.625245114308822        7.1013298201438975       -3.6958703993777968        3.6718090849558327     
   4.4799999999999489        12.740501466033455        7.1696603549140399       -3.7151653638578734        3.6522111838774194     
   4.4899999999999487        12.855728767687639        7.2379790621503499       -3.7343566001277595        3.6325113123319142     
   4.4999999999999485        12.970927549175560        7.3062861075806564       -3.7534435692385055        3.6127100173024749     
   4.5099999999999483        13.086098326267244        7.3745816536312363       -3.7724257351040058        3.5928078486214527     
   4.5199999999999481        13.201241601087135        7.4428658595069335       -3.7913025645160685        3.5728053589556366     
   4.5299999999999478        13.316357862582150        7.5111388812691438       -3.8100735271594117        3.5527031037914174     
   4.5399999999999476        13.431447586970208        7.5794008719117212       -3.8287380956265857        3.5325016414198727     
   4.5499999999999474        13.546511238170199        7.6476519814348620       -3.8472957454328203        3.5122015329217722     
   4.5599999999999472        13.661549268214264        7.7158923569170179       -3.8657459550307975        3.4918033421525054     
   4.5699999999999470        13.776562117643268        7.7841221425848897       -3.8840882058253499        3.4713076357269301     
   4.5799999999999468        13.891550215886241        7.8523414798815558       -3.9023219821880808        3.4507149830041430     
   4.5899999999999466        14.006513981624561        7.9205505075327816       -3.9204467714719109        3.4300259560721726     
   4.5999999999999464        14.121453823141595        7.9887493616115606       -3.9384620640255461        3.4092411297325951     
   4.6099999999999461        14.236370138658470        8.0569381756009353       -3.9563673532078703        3.3883610814850722     
   4.6199999999999459        14.351263316656631        8.1251170804551407       -3.9741621354022594        3.3673863915118143     
   4.6299999999999457        14.466133736187778        8.1932862046591239       -3.9918459100308179        3.3463176426619654     
   4.6399999999999455        14.580981767171778        8.2614456742864757       -4.0094181795685380        3.3251554204359128     
   4.6499999999999453        14.695807770683084        8.3295956130558206       -4.0268784495573779        3.3039003129695224     
   4.6599999999999451        14.810612099226191        8.3977361423857122       -4.0442262286202650        3.2825529110182967     
   4.6699999999999449        14.925395097000612        8.4658673814480654       -4.0614610284750148        3.2611138079414599     
   4.6799999999999446        15.040157100155851        8.5339894472201756       -4.0785823639481738        3.2395835996859677     
   4.6899999999999444        15.154898437036804        8.6021024545353608       -4.0955897529887810        3.2179628847704431     
   4.6999999999999442        15.269619428420025        8.6702065161322608       -4.1124827166820479        3.1962522642690394     
   4.7099999999999440        15.384320387741237        8.7383017427028360       -4.1292607792629576        3.1744523417952277     
   4.7199999999999438        15.499001621314488        8.8063882429391001       -4.1459234681297836        3.1525637234855144     
   4.7299999999999436        15.613663428543296        8.8744661235786246       -4.1624703138575265        3.1305870179830841     
   4.7399999999999434        15.728306102124142        8.9425354894488454       -4.1789008502112681        3.1085228364213715     
   4.7499999999999432        15.842929928242622        9.0105964435102059       -4.1952146141594424        3.0863717924075602     
   4.7599999999999429        15.957535186762579        9.0786490868981726       -4.2114111458870234        3.0641345020060116     
   4.7699999999999427        16.072122151408504        9.1466935189641543       -4.2274899888086317        3.0418115837216226     
   4.7799999999999425        16.186691089941498        9.2147298373153514       -4.2434506895815547        3.0194036584831121     
   4.7899999999999423        16.301242264329044        9.2827581378535697       -4.2592927981186843        2.9969113496262372     
   4.7999999999999421        16.415775930908872        9.3507785148130260       -4.2750158676013692        2.9743352828769405     
   4.8099999999999419        16.530292340547124        9.4187910607971776       -4.2906194544921821        2.9516760863344276     
   4.8199999999999417        16.644791738791088        9.4867958668145942       -4.3061031185476031        2.9289343904541751     
   4.8299999999999415        16.759274366016694        9.5547930223139108       -4.3214664228306150        2.9061108280308718     
   4.8399999999999412        16.873740457570989        9.6227826152178810       -4.3367089337232141        2.8832060341812893     
   4.8499999999999410        16.988190243909813        9.6907647319565555       -4.3518302209388358        2.8602206463270865     
   4.8599999999999408        17.102623950730834        9.7587394574996118       -4.3668298575346896        2.8371553041775468     
   4.8699999999999406        17.217041799102152        9.8267068753878615       -4.3817074199240098        2.8140106497122468     
   4.8799999999999404        17.331444005586622        9.8946670677639545       -4.3964624878882193        2.7907873271636605     
   4.8899999999999402        17.445830782362098        9.9626201154023057       -4.4110946445890020        2.7674859829996965     
   4.8999999999999400        17.560202337337714        10.030566097738262       -4.4256034765802905        2.7441072659061692     
   4.9099999999999397        17.674558874266395        10.098505092896538       -4.4399885738201634        2.7206518267692053     
   4.9199999999999395        17.788900592853718        10.166437177718931       -4.4542495296826532        2.6971203186575852     
   4.9299999999999393        17.903227688863264        10.234362427791350       -4.4683859409694655        2.6735133968050206     
   4.9399999999999391        18.017540354218607        10.302280917470156       -4.4823974079216082        2.6498317185923672     
   4.9499999999999389        18.131838777102057        10.370192719907859       -4.4962835342309306        2.6260759435297740     
   4.9599999999999387        18.246123142050280        10.438097907078166       -4.5100439270515720        2.6022467332387711     
   4.9699999999999385        18.360393630046911        10.505996549800418       -4.5236781970113205        2.5783447514342921     
   4.9799999999999383        18.474650418612281        10.573888717763415       -4.5371859582228780        2.5543706639066368     
   4.9899999999999380        18.588893681890347        10.641774479548662       -4.5505668282950360        2.5303251385033705     
   4.9999999999999378        18.703123590732943        10.709653902653038       -4.5638204283437593        2.5062088451111628     
   5.0099999999999376        18.817340312781443        10.777527053510916       -4.5769463830031762        2.4820224556375652     
   5.0199999999999374        18.931544012545931        10.845393997515741       -4.5899443204364774        2.4577666439927284     
   5.0299999999999372        19.045734851481967        10.913254799041084       -4.6028138723467205        2.4334420860710591     
   5.0399999999999370        19.159912988065035        10.981109521461191       -4.6155546739875426        2.4090494597328180     
   5.0499999999999368        19.274078577862756        11.048958227171024       -4.6281663641737794        2.3845894447856586     
   5.0599999999999365        19.388231773604957        11.116800977605834       -4.6406485852919888        2.3600627229661062     
   5.0699999999999363        19.502372725251643        11.184637833260256       -4.6530009833108812        2.3354699779209804     
   5.0799999999999361        19.616501580058973        11.252468853706951       -4.6652232077916551        2.3108118951887588     
   5.0899999999999359        19.730618482643305        11.320294097614802       -4.6773149118982387        2.2860891621808834     
   5.0999999999999357        19.844723575043357        11.388113622766683       -4.6892757524074336        2.2613024681630107     
   5.1099999999999355        19.958816996780577        11.455927486076799       -4.7011053897189656        2.2364525042362056     
   5.1199999999999353        20.072898884917763        11.523735743607627       -4.7128034878654388        2.2115399633180788     
   5.1299999999999351        20.186969374116007        11.591538450586453       -4.7243697145221919        2.1865655401238686     
   5.1399999999999348        20.301028596690006        11.659335661421526       -4.7358037410170590        2.1615299311474692     
   5.1499999999999346        20.415076682661809        11.727127429717829       -4.7471052423400355        2.1364338346424021     
   5.1599999999999344        20.529113759813033        11.794913808292492       -4.7582738971528427        2.1112779506027368     
   5.1699999999999342        20.643139953735631        11.862694849189840       -4.7693093877983976        2.0860629807439546     
   5.1799999999999340        20.757155387881227        11.930470603696099       -4.7802114003101845        2.0607896284837612     
   5.1899999999999338        20.871160183609081        11.998241122353765       -4.7909796244215279        2.0354585989228471     
   5.1999999999999336        20.985154460232739        12.066006454975632       -4.8016137535747667        2.0100705988255942     
   5.2099999999999334        21.099138335065380        12.133766650658520       -4.8121134849303315        1.9846263366007331     
   5.2199999999999331        21.213111923463945        12.201521757796671       -4.8224785193757196        1.9591265222819469     
   5.2299999999999329        21.327075338872046        12.269271824094851       -4.8327085615343730        1.9335718675084266     
   5.2399999999999327        21.441028692861721        12.337016896581154       -4.8428033197744567        1.9079630855053746     
   5.2499999999999325        21.554972095174065        12.404757021619524       -4.8527625062175348        1.8823008910644599     
   5.2599999999999323        21.668905653758770        12.472492244921980       -4.8625858367471482        1.8565860005242225     
   5.2699999999999321        21.782829474812612        12.540222611560587       -4.8722730310172926        1.8308191317504316     
   5.2799999999999319        21.896743662816913        12.607948165979145       -4.8818238124607927        1.8050010041163935     
   5.2899999999999316        22.010648320574024        12.675668952004632       -4.8912379082975770        1.7791323384832125     
   5.2999999999999314        22.124543549242834        12.743385012858377       -4.9005150495428520        1.7532138571800051     
   5.3099999999999312        22.238429448373363        12.811096391167009       -4.9096549710151729        1.7272462839840674     
   5.3199999999999310        22.352306115940458        12.878803128973143       -4.9186574113444124        1.7012303441009959     
   5.3299999999999308        22.466173648376600        12.946505267745847       -4.9275221129796289        1.6751667641447630     
   5.3399999999999306        22.580032140603890        13.014202848390875       -4.9362488221968297        1.6490562721177473     
   5.3499999999999304        22.693881686065200        13.081895911260681       -4.9448372891066334        1.6228995973907201     
   5.3599999999999302        22.807722376754530        13.149584496164211       -4.9532872676618274        1.5966974706827863     
   5.3699999999999299        22.921554303246602        13.217268642376492       -4.9615985156648232        1.5704506240412830     
   5.3799999999999297        23.035377554725702        13.284948388648008       -4.9697707947750089        1.5441597908216340     
   5.3899999999999295        23.149192219013798        13.352623773213875       -4.9778038705159950        1.5178257056671629     
   5.3999999999999293        23.262998382597960        13.420294833802826       -4.9856975122827576        1.4914491044888634     
   5.4099999999999291        23.376796130657088        13.487961607646001       -4.9934514933486769        1.4650307244451279     
   5.4199999999999289        23.490585547087985        13.555624131485551       -5.0010655908724724        1.4385713039214365     
   5.4299999999999287        23.604366714530787        13.623282441583061       -5.0085395859050301        1.4120715825100036     
   5.4399999999999284        23.718139714393772        13.690936573727795       -5.0158732633961272        1.3855323009893863     
   5.4499999999999282        23.831904626877549        13.758586563244769       -5.0230664122010493        1.3589542013040521     
   5.4599999999999280        23.945661530998681        13.826232445002660       -5.0301188250871034        1.3323380265439086     
   5.4699999999999278        24.059410504612721        13.893874253421538       -5.0370302987400235        1.3056845209237948     
   5.4799999999999276        24.173151624436699        13.961512022480456       -5.0438006337702719        1.2789944297629341     
   5.4899999999999274        24.286884966071064        14.029145785724859       -5.0504296347192312        1.2522684994643505     
   5.4999999999999272        24.400610604021114        14.096775576273869       -5.0569171100652923        1.2255074774942478     
   5.5099999999999270        24.514328611717907        14.164401426827393       -5.0632628722298341        1.1987121123613531     
   5.5199999999999267        24.628039061538686        14.232023369673108       -5.0694667375830953        1.1718831535962240     
   5.5299999999999265        24.741742024826813        14.299641436693291       -5.0755285264499408        1.1450213517305212     
   5.5399999999999263        24.855437571911249        14.367255659371510       -5.0814480631155190        1.1181274582762466     
   5.5499999999999261        24.969125772125569        14.434866068799192       -5.0872251758308105        1.0912022257049467     
   5.5599999999999259        25.082806693826541        14.502472695682039       -5.0928596968180706        1.0642464074268838     
   5.5699999999999257        25.196480404412274        14.570075570346338       -5.0983514622761623        1.0372607577701729     
   5.5799999999999255        25.310146970339950        14.637674722745125       -5.1037003123857811        1.0102460319598872     
   5.5899999999999253        25.423806457143154        14.705270182464234       -5.1089060913145703       0.98320298609713142     
   5.5999999999999250        25.537458929448796        14.772861978728232       -5.1139686472221282       0.95613237713808441     
   5.6099999999999248        25.651104450993657        14.840450140406222       -5.1188878322649067       0.92903496287301013     
   5.6199999999999246        25.764743084640568        14.908034696017548       -5.1236635026009987       0.90191150190523928     
   5.6299999999999244        25.878374892394216        14.975615673737375       -5.1282955183948165       0.87476275363012113     
   5.6399999999999242        25.991999935416597        15.043193101402164       -5.1327837438216610       0.84758947821394637     
   5.6499999999999240        26.105618274042122        15.110767006515042       -5.1371280470721814       0.82039243657284133     
   5.6599999999999238        26.219229967792398        15.178337416251066       -5.1413283003567232       0.79317239035163478     
   5.6699999999999235        26.332835075390669        15.245904357462386       -5.1453843799095660       0.76593010190269684     
   5.6799999999999233        26.446433654775948        15.313467856683305       -5.1492961659930518       0.73866633426475159     
   5.6899999999999231        26.560025763116833        15.381027940135244       -5.1530635429016014       0.71138185114166330     
   5.6999999999999229        26.673611456825032        15.448584633731613       -5.1566863989656211       0.68407741688119728     
   5.7099999999999227        26.787190791568577        15.516137963082587       -5.1601646265552974       0.65675379645375531     
   5.7199999999999225        26.900763822284770        15.583687953499787       -5.1634981220842793       0.62941175543108707     
   5.7299999999999223        27.014330603192835        15.651234630000884       -5.1666867860132513       0.60205205996497724     
   5.7399999999999221        27.127891187806313        15.718778017314103       -5.1697305228533939       0.57467547676590969     
   5.7499999999999218        27.241445628945172        15.786318139882647       -5.1726292411697319       0.54728277308170881     
   5.7599999999999216        27.354993978747682        15.853855021869043       -5.1753828535843693       0.51987471667615848     
   5.7699999999999214        27.468536288682024        15.921388687159395       -5.1779912767796157       0.49245207580759981     
   5.7799999999999212        27.582072609557656        15.988919159367567       -5.1804544315009968       0.46501561920750767     
   5.7899999999999210        27.695602991536443        16.056446461839290       -5.1827722425601550       0.43756611605904694     
   5.7999999999999208        27.809127484143552        16.123970617656180       -5.1849446388376341       0.41010433597560880     
   5.8099999999999206        27.922646136278118        16.191491649639701       -5.1869715532855549       0.38263104897932804     
   5.8199999999999203        28.036158996223694        16.259009580355034       -5.1888529229301756       0.35514702547958138     
   5.8299999999999201        28.149666111658480        16.326524432114887       -5.1905886888743398       0.32765303625146808     
   5.8399999999999199        28.263167529665338        16.394036226983236       -5.1921787962998112       0.30014985241427283     
   5.8499999999999197        28.376663296741619        16.461544986778996       -5.1936231944694935       0.27263824540991199     
   5.8599999999999195        28.490153458808759        16.529050733079622       -5.1949218367295389       0.24511898698136336     
   5.8699999999999193        28.603638061221712        16.596553487224647       -5.1960746805113427       0.21759284915108032     
   5.8799999999999191        28.717117148778165        16.664053270319158       -5.1970816873334229       0.19006060419939094     
   5.8899999999999189        28.830590765727589        16.731550103237208       -5.1979428228031850       0.16252302464288257     
   5.8999999999999186        28.944058955780090        16.799044006625163       -5.1986580566185765       0.13498088321277246     
   5.9099999999999184        29.057521762115091        16.866535000904996       -5.1992273625696237       0.10743495283326521     
   5.9199999999999182        29.170979227389843        16.934023106277518       -5.1996507185398544        7.9886006599897391E-002
   5.9299999999999180        29.284431393747763        17.001508342725558       -5.1999281065076088        5.2334817757870196E-002
   5.9399999999999178        29.397878302826605        17.068990730017070       -5.2000595125472335        2.4782159680370491E-002
   5.9499999999999176        29.511319995766474        17.136470287708207       -5.2000449268301612       -2.7711941531189566E-003
   5.9599999999999174        29.624756513217683        17.203947035146324       -5.1998843436258753       -3.0324470178519556E-002
   5.9699999999999172        29.738187895348450        17.271420991472944       -5.1995777613027627       -5.7876894768866663E-002
   5.9799999999999169        29.851614181852447        17.338892175626654       -5.1991251823288467       -8.5427694256028405E-002
   5.9899999999999167        29.965035411956212        17.406360606345963       -5.1985266132724091      -0.11297609495243296     
   5.9999999999999165        30.078451624426403        17.473826302172107       -5.1977820648024942      -0.14052132317280375     
   6.0099999999999163        30.191862857576922        17.541289281451807       -5.1968915516892986      -0.16806260525590178     
   6.0199999999999161        30.305269149275897        17.608749562339973       -5.1958550928044476      -0.19559916758627474     
   6.0299999999999159        30.418670536952533        17.676207162802378       -5.1946727111211528      -0.22313023661601203     
   6.0399999999999157        30.532067057603832        17.743662100618259       -5.1933444337142571      -0.25065503888650514     
   6.0499999999999154        30.645458747801190        17.811114393382905       -5.1918702917601616      -0.27817280105021308     
   6.0599999999999152        30.758845643696851        17.878564058510172       -5.1902503205366388      -0.30568274989243172     
   6.0699999999999150        30.872227781030269        17.946011113234981       -5.1884845594225286      -0.33318411235306677     
   6.0799999999999148        30.985605195134323        18.013455574615751       -5.1865730518973203      -0.36067611554840984     
   6.0899999999999146        31.098977920941429        18.080897459536807       -5.1845158455406173      -0.38815798679291663     
   6.0999999999999144        31.212345992989540        18.148336784710743       -5.1823129920314859      -0.41562895362098695     
   6.1099999999999142        31.325709445428025        18.215773566680738       -5.1799645471476889      -0.44308824380874584     
   6.1199999999999140        31.439068312023448        18.283207821822849       -5.1774705707648021      -0.47053508539582511     
   6.1299999999999137        31.552422626165235        18.350639566348246       -5.1748311268552163      -0.49796870670714471     
   6.1399999999999135        31.665772420871239        18.418068816305428       -5.1720462834870213      -0.52538833637469351     
   6.1499999999999133        31.779117728793203        18.485495587582395       -5.1691161128227758      -0.55279320335930826     
   6.1599999999999131        31.892458582222122        18.552919895908779       -5.1660406911181580      -0.58018253697245126     
   6.1699999999999129        32.005795013093511        18.620341756857947       -5.1628200987205037      -0.60755556689798462     
   6.1799999999999127        32.119127052992582        18.687761185849066       -5.1594544200672257      -0.63491152321394162     
   6.1899999999999125        32.232454733159301        18.755178198149142       -5.1559437436841167      -0.66224963641429424     
   6.1999999999999122        32.345778084493396        18.822592808875015       -5.1522881621835372      -0.68956913743071602     
   6.2099999999999120        32.459097137559240        18.890005032995322       -5.1484877722624862      -0.71686925765433984     
   6.2199999999999118        32.572411922590661        18.957414885332440       -5.1445426747005545      -0.74414922895750979     
   6.2299999999999116        32.685722469495666        19.024822380564384       -5.1404529743577649      -0.77140828371552694     
   6.2399999999999114        32.799028807861085        19.092227533226687       -5.1362187801722925      -0.79864565482838779     
   6.2499999999999112        32.912330966957121        19.159630357714235       -5.1318402051580687      -0.82586057574251526     
   6.2599999999999110        33.025628975741839        19.227030868283087       -5.1273173664022726      -0.85305228047248116     
   6.2699999999999108        33.138922862865549        19.294429079052261       -5.1226503850627001      -0.88022000362271990     
   6.2799999999999105        33.252212656675141        19.361825004005482       -5.1178393863650218      -0.90736298040923269     
   6.2899999999999103        33.365498385218324        19.429218656992919       -5.1128844995999216      -0.93448044668128150     
   6.2999999999999101        33.478780076247801        19.496610051732887       -5.1077858581201188      -0.96157163894307207     
   6.3099999999999099        33.592057757225369        19.563999201813516       -5.1025435993372747      -0.98863579437542559     
   6.3199999999999097        33.705331455325947        19.631386120694401       -5.0971578647187830       -1.0156721508574384     
   6.3299999999999095        33.818601197441538        19.698770821708226       -5.0916287997844423       -1.0426799469881287     
   6.3399999999999093        33.931867010185123        19.766153318062361       -5.0859565541030145       -1.0696584221080701     
   6.3499999999999091        34.045128919894481        19.833533622840438       -5.0801412812886646       -1.0966068163210112     
   6.3599999999999088        34.158386952635951        19.900911749003889       -5.0741831389972845       -1.1235243705154807     
   6.3699999999999086        34.271641134208139        19.968287709393479       -5.0680822889227022       -1.1504103263863765     
   6.3799999999999084        34.384891490145542        20.035661516730805       -5.0618388967927723       -1.1772639264565401     
   6.3899999999999082        34.498138045722122        20.103033183619772       -5.0554531323653524       -1.2040844140983131     
   6.3999999999999080        34.611380825954825        20.170402722548044       -5.0489251694241624       -1.2308710335550781     
   6.4099999999999078        34.724619855607031        20.237770145888486       -5.0422551857745264       -1.2576230299627802     
   6.4199999999999076        34.837855159191946        20.305135465900566       -5.0354433632390005       -1.2843396493714312     
   6.4299999999999073        34.951086760975954        20.372498694731750       -5.0284898876528850       -1.3110201387665941     
   6.4399999999999071        35.064314684981895        20.439859844418866       -5.0213949488596157       -1.3376637460908483     
   6.4499999999999069        35.177538954992293        20.507218926889454       -5.0141587407060468       -1.3642697202652341     
   6.4599999999999067        35.290759594552540        20.574575953963091       -5.0067814610376118       -1.3908373112106767     
   6.4699999999999065        35.403976626974014        20.641930937352704       -4.9992633116933707       -1.4173657698693876     
   6.4799999999999063        35.517190075337155        20.709283888665851       -4.9916044985009425       -1.4438543482262451     
   6.4899999999999061        35.630399962494494        20.776634819405992       -4.9838052312713206       -1.4703022993301509     
   6.4999999999999059        35.743606311073620        20.843983740973737       -4.9758657237935733       -1.4967088773153630     
   6.5099999999999056        35.856809143480120        20.911330664668085       -4.9677861938294274       -1.5230733374228054     
   6.5199999999999054        35.970008481900443        20.978675601687627       -4.9595668631077388       -1.5493949360213524     
   6.5299999999999052        36.083204348304740        21.046018563131746       -4.9512079573188457       -1.5756729306290871     
   6.5399999999999050        36.196396764449652        21.113359560001793       -4.9427097061088077       -1.6019065799345342     
   6.5499999999999048        36.309585751881045        21.180698603202249       -4.9340723430735292       -1.6280951438178666     
   6.5599999999999046        36.422771331936723        21.248035703541863       -4.9252961057527678       -1.6542378833720830     
   6.5699999999999044        36.535953525749072        21.315370871734785       -4.9163812356240282       -1.6803340609241597     
   6.5799999999999041        36.649132354247683        21.382704118401673       -4.9073279780963404       -1.7063829400561716     
   6.5899999999999039        36.762307838161917        21.450035454070782       -4.8981365825039243       -1.7323837856263857     
   6.5999999999999037        36.875479998023437        21.517364889179053       -4.8888073020997380       -1.7583358637903233     
   6.6099999999999035        36.988648854168709        21.584692434073162       -4.8793403940489135       -1.7842384420217923     
   6.6199999999999033        37.101814426741448        21.652018099010579       -4.8697361194220772       -1.8100907891338887     
   6.6299999999999031        37.214976735695046        21.719341894160596       -4.8599947431885564       -1.8358921752999648     
   6.6399999999999029        37.328135800794925        21.786663829605345       -4.8501165342094703       -1.8616418720745671     
   6.6499999999999027        37.441291641620900        21.853983915340798       -4.8401017652307079       -1.8873391524143386     
   6.6599999999999024        37.554444277569473        21.921302161277758       -4.8299507128757941       -1.9129832906988895     
   6.6699999999999022        37.667593727856108        21.988618577242836       -4.8196636576386389       -1.9385735627516323     
   6.6799999999999020        37.780740011517452        22.055933172979405       -4.8092408838761740       -1.9641092458605822     
   6.6899999999999018        37.893883147413554        22.123245958148555       -4.7986826798008773       -1.9895896187991220     
   6.6999999999999016        38.007023154230019        22.190556942330023       -4.7879893374731832       -2.0150139618467300     
   6.7099999999999014        38.120160050480145        22.257866135023111       -4.7771611527937790       -2.0403815568096726     
   6.7199999999999012        38.233293854507018        22.325173545647598       -4.7661984254957890       -2.0656916870416571     
   6.7299999999999010        38.346424584485590        22.392479183544637       -4.7551014591368466       -2.0909436374644477     
   6.7399999999999007        38.459552258424715        22.459783057977635       -4.7438705610910530       -2.1161366945884432     
   6.7499999999999005        38.572676894169156        22.527085178133120       -4.7325060425408223       -2.1412701465332136     
   6.7599999999999003        38.685798509401550        22.594385553121604       -4.7210082184686177       -2.1663432830479974     
   6.7699999999999001        38.798917121644379        22.661684191978431       -4.7093774076485708       -2.1913553955321592     
   6.7799999999998999        38.912032748261865        22.728981103664605       -4.6976139326379940       -2.2163057770556036     
   6.7899999999998997        39.025145406461874        22.796276297067624       -4.6857181197687767       -2.2411937223791494     
   6.7999999999998995        39.138255113297774        22.863569781002283       -4.6736902991386744       -2.2660185279748597     
   6.8099999999998992        39.251361885670271        22.930861564211479       -4.6615308046024815       -2.2907794920463300     
   6.8199999999998990        39.364465740329209        22.998151655367003       -4.6492399737630965       -2.3154759145489310     
   6.8299999999998988        39.477566693875360        23.065440063070316       -4.6368181479624750       -2.3401070972100073     
   6.8399999999998986        39.590664762762181        23.132726795853316       -4.6242656722724726       -2.3646723435490324     
   6.8499999999998984        39.703759963297529        23.200011862179100       -4.6115828954855766       -2.3891709588977155     
   6.8599999999998982        39.816852311645377        23.267295270442713       -4.5987701701055270       -2.4136022504200638     
   6.8699999999998980        39.929941823827491        23.334577028971886       -4.5858278523378289       -2.4379655271323974     
   6.8799999999998978        40.043028515725084        23.401857146027762       -4.5727563020801529       -2.4622600999233155     
   6.8899999999998975        40.156112403080442        23.469135629805617       -4.5595558829126279       -2.4864852815736160     
   6.8999999999998973        40.269193501498535        23.536412488435570       -4.5462269620880233       -2.5106403867761649     
   6.9099999999998971        40.382271826448601        23.603687729983278       -4.5327699105218215       -2.5347247321557163     
   6.9199999999998969        40.495347393265718        23.670961362450630       -4.5191851027821821       -2.5587376362886829     
   6.9299999999998967        40.608420217152322        23.738233393776422       -4.5054729170797980       -2.5826784197228561     
   6.9399999999998965        40.721490313179743        23.805503831837040       -4.4916337352576416       -2.6065464049970726     
   6.9499999999998963        40.834557696289693        23.872772684447117       -4.4776679427806032       -2.6303409166608320     
   6.9599999999998960        40.947622381295744        23.940039959360185       -4.4635759287250227       -2.6540612812938593     
   6.9699999999998958        41.060684382884780        24.007305664269325       -4.4493580857681119       -2.6777068275256148     
   6.9799999999998956        41.173743715618428        24.074569806807805       -4.4350148101772691       -2.7012768860547518     
   6.9899999999998954        41.286800393934477        24.141832394549709       -4.4205465017992873       -2.7247707896685172     
   6.9999999999998952        41.399854432148260        24.209093435010555       -4.4059535640494563       -2.7481878732620988     
   7.0099999999998950        41.512905844454039        24.276352935647910       -4.3912364039005558       -2.7715274738579168     
   7.0199999999998948        41.625954644926360        24.343610903861997       -4.3763954318717433       -2.7947889306248581     
   7.0299999999998946        41.739000847521382        24.410867346996287       -4.3614310620173367       -2.8179715848974545     
   7.0399999999998943        41.852044466078205        24.478122272338098       -4.3463437119154902       -2.8410747801950031     
   7.0499999999998941        41.965085514320158        24.545375687119165       -4.3311338026567636       -2.8640978622406292     
   7.0599999999998939        42.078124005856090        24.612627598516227       -4.3158017588325874       -2.8870401789802886     
   7.0699999999998937        42.191159954181622        24.679878013651582       -4.3003480085236232       -2.9099010806017129     
   7.0799999999998935        42.304193372680409        24.747126939593660       -4.2847729832880175       -2.9326799195532938     
   7.0899999999998933        42.417224274625354        24.814374383357563       -4.2690771181495535       -2.9553760505629061     
   7.0999999999998931        42.530252673179838        24.881620351905621       -4.2532608515856971       -2.9779888306566709     
   7.1099999999998929        42.643278581398896        24.948864852147928       -4.2373246255155408       -3.0005176191776561     
   7.1199999999998926        42.756302012230414        25.016107890942870       -4.2212688852876399       -3.0229617778045159     
   7.1299999999998924        42.869322978516287        25.083349475097656       -4.2050940796677514       -3.0453206705700655     
   7.1399999999998922        42.982341492993569        25.150589611368837       -4.1888006608264652       -3.0675936638797929     
   7.1499999999998920        43.095357568295604        25.217828306462813       -4.1723890843267357       -3.0897801265303082     
   7.1599999999998918        43.208371216953140        25.285065567036344       -4.1558598091113090       -3.1118794297277255     
   7.1699999999998916        43.321382451395444        25.352301399697048       -4.1392132974900493       -3.1338909471059817     
   7.1799999999998914        43.434391283951378        25.419535811003897       -4.1224500151271632       -3.1558140547450879     
   7.1899999999998911        43.547397726850477        25.486768807467701       -4.1055704310283234       -3.1776481311893154     
   7.1999999999998909        43.660401792224015        25.554000395551590       -4.0885750175276918       -3.1993925574653139     
   7.2099999999998907        43.773403492106041        25.621230581671490       -4.0714642502748397       -3.2210467171001627     
   7.2199999999998905        43.886402838434414        25.688459372196597       -4.0542386082215707       -3.2426099961393526     
   7.2299999999998903        43.999399843051819        25.755686773449831       -4.0368985736086422       -3.2640817831647007     
   7.2399999999998901        44.112394517706782        25.822912791708305       -4.0194446319523864       -3.2854614693121937     
   7.2499999999998899        44.225386874054649        25.890137433203769       -4.0018772720312343       -3.3067484482897629     
   7.2599999999998897        44.338376923658572        25.957360704123065       -3.9841969858721402       -3.3279421163949876     
   7.2699999999998894        44.451364677990476        26.024582610608562       -3.9664042687369059       -3.3490418725327280     
   7.2799999999998892        44.564350148432005        26.091803158758594       -3.9484996191084085       -3.3700471182326868     
   7.2899999999998890        44.677333346275468        26.159022354627893       -3.9304835386767309       -3.3909572576668965     
   7.2999999999998888        44.790314282724765        26.226240204228016       -3.9123565323251941       -3.4117716976671368     
   7.3099999999998886        44.903292968896316        26.293456713527760       -3.8941191081162922       -3.4324898477422758     
   7.3199999999998884        45.016269415819949        26.360671888453581       -3.8757717772775315       -3.4531111200955396     
   7.3299999999998882        45.129243634439803        26.427885734890005       -3.8573150541871728       -3.4736349296417051     
   7.3399999999998879        45.242215635615210        26.495098258680034       -3.8387494563598787       -3.4940606940242200     
   7.3499999999998877        45.355185430121558        26.562309465625550       -3.8200755044322650       -3.5143878336322456     
   7.3599999999998875        45.468153028651166        26.629519361487702       -3.8012937221483560       -3.5346157716176232     
   7.3699999999998873        45.581118441814120        26.696727951987310       -3.7824046363449479       -3.5547439339117650     
   7.3799999999998871        45.694081680139114        26.763935242805239       -3.7634087769368749       -3.5747717492424664     
   7.3899999999998869        45.807042754074281        26.831141239582792       -3.7443066769021831       -3.5946986491506419     
   7.3999999999998867        45.920001673988004        26.898345947922078       -3.7250988722672105       -3.6145240680069808     
   7.4099999999998865        46.032958450169730        26.965549373386391       -3.7057859020915749       -3.6342474430285256     
   7.4199999999998862        46.145913092830767        27.032751521500582       -3.6863683084530678       -3.6538682142951693     
   7.4299999999998860        46.258865612105069        27.099952397751419       -3.6668466364324575       -3.6733858247660738     
   7.4399999999998858        46.371816018050005        27.167152007587948       -3.6472214340981988       -3.6927997202960077     
   7.4499999999998856        46.484764320647137        27.234350356421849       -3.6274932524910533       -3.7121093496516018     
   7.4599999999998854        46.597710529802974        27.301547449627790       -3.6076626456086172       -3.7313141645275247     
   7.4699999999998852        46.710654655349721        27.368743292543773       -3.5877301703897593       -3.7504136195625746     
   7.4799999999998850        46.823596707046015        27.435937890471475       -3.5676963866989690       -3.7694071723556886     
   7.4899999999998847        46.936536694577661        27.503131248676599       -3.5475618573106149       -3.7882942834818700     
   7.4999999999998845        47.049474627558354        27.570323372389197       -3.5273271478931139       -3.8070744165080308     
   7.5099999999998843        47.162410515530382        27.637514266804011       -3.5069928269930113       -3.8257470380087493     
   7.5199999999998841        47.275344367965339        27.704703937080797       -3.4865594660189738       -3.8443116175819445     
   7.5299999999998839        47.388276194264812        27.771892388344650       -3.4660276392256937       -3.8627676278644634     
   7.5399999999998837        47.501206003761077        27.839079625686328       -3.4453979236977053       -3.8811145445475836     
   7.5499999999998835        47.614133805717771        27.906265654162567       -3.4246708993331163       -3.8993518463924293     
   7.5599999999998833        47.727059609330560        27.973450478796394       -3.4038471488272508       -3.9174790152452994     
   7.5699999999998830        47.839983423727809        28.040634104577439       -3.3829272576562075       -3.9354955360529100     
   7.5799999999998828        47.952905257971224        28.107816536462238       -3.3619118140603321       -3.9534008968775476     
   7.5899999999998826        48.065825121056520        28.174997779374543       -3.3408014090276050       -3.9711945889121338     
   7.5999999999998824        48.178743021914030        28.242177838205617       -3.3195966362769438       -3.9888761064952027     
   7.6099999999998822        48.291658969409362        28.309356717814527       -3.2982980922414225       -4.0064449471257868     
   7.6199999999998820        48.404572972344006        28.376534423028446       -3.2769063760514059       -4.0239006114782132     
   7.6299999999998818        48.517485039455963        28.443710958642935       -3.2554220895176034       -4.0412426034168112     
   7.6399999999998816        48.630395179420333        28.510886329422235       -3.2338458371140368       -4.0584704300105283     
   7.6499999999998813        48.743303400849939        28.578060540099546       -3.2121782259609293       -4.0755836015474527     
   7.6599999999998811        48.856209712295907        28.645233595377313       -3.1904198658075100       -4.0925816315492467     
   7.6699999999998809        48.969114122248264        28.712405499927495       -3.1685713690147401       -4.1094640367854867     
   7.6799999999998807        49.082016639136505        28.779576258391845       -3.1466333505379565       -4.1262303372879083     
   7.6899999999998805        49.194917271330176        28.846745875382179       -3.1246064279094354       -4.1428800563645627     
   7.6999999999998803        49.307816027139445        28.913914355480646       -3.1024912212208782       -4.1594127206138758     
   7.7099999999998801        49.420712914815653        28.981081703239990       -3.0802883531058152       -4.1758278599386127     
   7.7199999999998798        49.533607942551861        29.048247923183816       -3.0579984487219338       -4.1921250075597492     
   7.7299999999998796        49.646501118483421        29.115413019806844       -3.0356221357333268       -4.2083037000302470     
   7.7399999999998794        49.759392450688495        29.182576997575175       -3.0131600442926638       -4.2243634772487351     
   7.7499999999998792        49.872281947188597        29.249739860926535       -2.9906128070232856       -4.2403038824730928     
   7.7599999999998790        49.985169615949125        29.316901614270527       -2.9679810590012217       -4.2561244623339363     
   7.7699999999998788        50.098055464879884        29.384062261988888       -2.9452654377371323       -4.2718247668480096     
   7.7799999999998786        50.210939501835590        29.451221808435722       -2.9224665831581751       -4.2874043494314771     
   7.7899999999998784        50.323821734616395        29.518380257937753       -2.8995851375897965       -4.3028627669131181     
   7.7999999999998781        50.436702170968388        29.585537614794561       -2.8766217457374488       -4.3181995795474233     
   7.8099999999998779        50.549580818584090        29.652693883278818       -2.8535770546682340       -4.3334143510275931     
   7.8199999999998777        50.662457685102950        29.719849067636531       -2.8304517137924741       -4.3485066484984340     
   7.8299999999998775        50.775332778111832        29.787003172087267       -2.8072463748452079       -4.3634760425691592     
   7.8399999999998773        50.888206105145493        29.854156200824384       -2.7839616918676167       -4.3783221073260847     
   7.8499999999998771        51.001077673687071        29.921308158015261       -2.7605983211883780       -4.3930444203452295     
   7.8599999999998769        51.113947491168545        29.988459047801523       -2.7371569214049485       -4.4076425627048099     
   7.8699999999998766        51.226815564971211        30.055608874299264       -2.7136381533647755       -4.4221161189976375     
   7.8799999999998764        51.339681902426129        30.122757641599264       -2.6900426801464397       -4.4364646773434098     
   7.8899999999998762        51.452546510814592        30.189905353767216       -2.6663711670407277       -4.4506878294009038     
   7.8999999999998760        51.565409397368576        30.257052014843929       -2.6426242815316363       -4.4647851703800638     
   7.9099999999998758        51.678270569271177        30.324197628845553       -2.6188026932773081       -4.4787562990539858     
   7.9199999999998756        51.791130033657055        30.391342199763788       -2.5949070740908993       -4.4926008177708008     
   7.9299999999998754        51.903987797612871        30.458485731566086       -2.5709380979213816       -4.5063183324654519     
   7.9399999999998752        52.016843868177716        30.525628228195867       -2.5468964408342760       -4.5199084526713689     
   7.9499999999998749        52.129698252343537        30.592769693572720       -2.5227827809923218       -4.5333707915320360     
   7.9599999999998747        52.242550957055563        30.659910131592603       -2.4985977986360797       -4.5467049658124576     
   7.9699999999998745        52.355401989212716        30.727049546128050       -2.4743421760644702       -4.5599105959105142     
   7.9799999999998743        52.468251355668031        30.794187941028365       -2.4500165976152477       -4.5729873058682173     
   7.9899999999998741        52.581099063229054        30.861325320119821       -2.4256217496454120       -4.5859347233828540     
   7.9999999999998739        52.693945118658256        30.928461687205850       -2.4011583205115548       -4.5987524798180273     
   8.0099999999998737        52.806789528673420        30.995597046067239       -2.3766270005501458       -4.6114402102145888     
   8.0199999999998735        52.919632299948042        31.062731400462322       -2.3520284820577557       -4.6239975533014634     
   8.0299999999998732        53.032473439111726        31.129864754127166       -2.3273634592712193       -4.6364241515063673     
   8.0399999999998730        53.145312952750558        31.196997110775758       -2.3026326283477361       -4.6487196509664166     
   8.0499999999998728        53.258150847407499        31.264128474100190       -2.2778366873449127       -4.6608837015386282     
   8.0599999999998726        53.370987129582758        31.331258847770840       -2.2529763362007449       -4.6729159568103125     
   8.0699999999998724        53.483821805734166        31.398388235436556       -2.2280522767135409       -4.6848160741093547     
   8.0799999999998722        53.596654882277548        31.465516640724832       -2.2030652125217873       -4.6965837145143894     
   8.0899999999998720        53.709486365587082        31.532644067241986       -2.1780158490839563       -4.7082185428648629     
   8.0999999999998717        53.822316261995674        31.599770518573337       -2.1529048936582562       -4.7197202277709867     
   8.1099999999998715        53.935144577795299        31.666895998283380       -2.1277330552823268       -4.7310884416235792     
   8.1199999999998713        54.047971319237369        31.734020509915954       -2.1025010447528771       -4.7423228606037968     
   8.1299999999998711        54.160796492533073        31.801144056994413       -2.0772095746052703       -4.7534231646927552     
   8.1399999999998709        54.273620103853737        31.868266643021798       -2.0518593590930521       -4.7643890376810365     
   8.1499999999998707        54.386442159331153        31.935388271480996       -2.0264511141674264       -4.7752201671780874     
   8.1599999999998705        54.499262665057927        32.002508945834911       -2.0009855574566777       -4.7859162446215011     
   8.1699999999998703        54.612081627087804        32.069628669526637       -1.9754634082455405       -4.7964769652861916     
   8.1799999999998700        54.724899051436019        32.136747445979601       -1.9498853874545168       -4.8069020282934511     
   8.1899999999998698        54.837714944079615        32.203865278597732       -1.9242522176191434       -4.8171911366198952     
   8.1999999999998696        54.950529310957762        32.270982170765620       -1.8985646228692072       -4.8273439971062961     
   8.2099999999998694        55.063342157972095        32.338098125848681       -1.8728233289079108       -4.8373603204663000     
   8.2199999999998692        55.176153490987019        32.405213147193294       -1.8470290629909891       -4.8472398212950312     
   8.2299999999998690        55.288963315830031        32.472327238126965       -1.8211825539057769       -4.8569822180775830     
   8.2399999999998688        55.401771638292026        32.539440401958487       -1.7952845319502286       -4.8665872331973912     
   8.2499999999998685        55.514578464127609        32.606552641978084       -1.7693357289118903       -4.8760545929444943     
   8.2599999999998683        55.627383799055416        32.673663961457557       -1.7433368780468250       -4.8853840275236786     
   8.2699999999998681        55.740187648758386        32.740774363650431       -1.7172887140584923       -4.8945752710625063     
   8.2799999999998679        55.852990018884086        32.807883851792113       -1.6911919730765814       -4.9036280616192309     
   8.2899999999998677        55.965790915044998        32.874992429100026       -1.6650473926358007       -4.9125421411905918     
   8.2999999999998675        56.078590342818813        32.942100098773757       -1.6388557116546223       -4.9213172557194973     
   8.3099999999998673        56.191388307748717        33.009206863995196       -1.6126176704139832       -4.9299531551025861     
   8.3199999999998671        56.304184815343689        33.076312727928688       -1.5863340105359438       -4.9384495931976771     
   8.3299999999998668        56.416979871078773        33.143417693721162       -1.5600054749623042       -4.9468063278310970     
   8.3399999999998666        56.529773480395370        33.210521764502268       -1.5336328079331789       -4.9550231208048947     
   8.3499999999998664        56.642565648701506        33.277624943384517       -1.5072167549655304       -4.9630997379039350     
   8.3599999999998662        56.755356381372124        33.344727233463423       -1.4807580628316632       -4.9710359489028750     
   8.3699999999998660        56.868145683749340        33.411828637817628       -1.4542574795376777       -4.9788315275730239     
   8.3799999999998658        56.980933561142727        33.478929159509036       -1.4277157543018857       -4.9864862516890831     
   8.3899999999998656        57.093720018829572        33.546028801582956       -1.4011336375331873       -4.9939999030357676     
   8.3999999999998654        57.206505062055143        33.613127567068219       -1.3745118808094108       -5.0013722674143084     
   8.4099999999998651        57.319288696032963        33.680225458977304       -1.3478512368556155       -5.0086031346488360     
   8.4199999999998649        57.432070925945055        33.747322480306487       -1.3211524595223583       -5.0156922985926462     
   8.4299999999998647        57.544851756942208        33.814418634035945       -1.2944163037639247       -5.0226395571343430     
   8.4399999999998645        57.657631194144230        33.881513923129901       -1.2676435256165257       -5.0294447122038646     
   8.4499999999998643        57.770409242640191        33.948608350536730       -1.2408348821764599       -5.0361075697783884     
   8.4599999999998641        57.883185907488688        34.015701919189091       -1.2139911315782421       -5.0426279398881153     
   8.4699999999998639        57.995961193718081        34.082794632004052       -1.1871130329727000       -5.0490056366219349     
   8.4799999999998636        58.108735106326748        34.149886491883208       -1.1602013465050378       -5.0552404781329683     
   8.4899999999998634        58.221507650283314        34.216977501712798       -1.1332568332928696       -5.0613322866439923     
   8.4999999999998632        58.334278830526898        34.284067664363825       -1.1062802554042208       -5.0672808884527418     
   8.5099999999998630        58.447048651967357        34.351156982692174       -1.0792723758355007       -5.0730861139370900     
   8.5199999999998628        58.559817119485508        34.418245459538731       -1.0522339584894451       -5.0787477975601085     
   8.5299999999998626        58.672584237933364        34.485333097729495       -1.0251657681530304       -5.0842657778750047     
   8.5399999999998624        58.785350012134373        34.552419900075691      -0.99806857047536002       -5.0896398975299393     
   8.5499999999998622        58.898114446883646        34.619505869373889      -0.97094313194552351       -5.0948700032727210     
   8.5599999999998619        59.010877546948173        34.686591008406111      -0.94379021987042910       -5.0999559459553785     
   8.5699999999998617        59.123639317067052        34.753675319939944      -0.91661060235261038       -5.1048975805386121     
   8.5799999999998615        59.236399761951716        34.820758806728655      -0.88940504826800793       -5.1096947660961209     
   8.5899999999998613        59.349158886286148        34.887841471511287      -0.86217432724372645       -5.1143473658188086     
   8.5999999999998611        59.461916694727094        34.954923317012771      -0.83491920963576838       -5.1188552470188666     
   8.6099999999998609        59.574673191904296        35.022004345944048      -0.80764046650674415       -5.1232182811337355     
   8.6199999999998607        59.687428382420684        35.089084561002153      -0.78033886960356036       -5.1274363437299408     
   8.6299999999998604        59.800182270852595        35.156163964870338      -0.75301519133508632       -5.1315093145068085     
   8.6399999999998602        59.912934861749989        35.223242560218161      -0.72567020474979960       -5.1354370773000557     
   8.6499999999998600        60.025686159636649        35.290320349701602      -0.69830468351341135       -5.1392195200852600     
   8.6599999999998598        60.138436169010390        35.357397335963157      -0.67091940188647214       -5.1428565349812017     
   8.6699999999998596        60.251184894343261        35.424473521631946      -0.64351513470195909       -5.1463480182530867     
   8.6799999999998594        60.363932340081753        35.491548909323804      -0.61609265734284469       -5.1496938703156436     
   8.6899999999998592        60.476678510646991        35.558623501641385      -0.58865274571964832       -5.1528939957360969     
   8.6999999999998590        60.589423410434925        35.625697301174263      -0.56119617624797136       -5.1559483032370172     
   8.7099999999998587        60.702167043816544        35.692770310499029      -0.53372372582601602       -5.1588567056990469     
   8.7199999999998585        60.814909415138061        35.759842532179384      -0.50623617181208880       -5.1616191201635013     
   8.7299999999998583        60.927650528721102        35.826913968766242      -0.47873429200208978       -5.1642354678348479     
   8.7399999999998581        61.040390388862903        35.893984622797817      -0.45121886460698779       -5.1667056740830581     
   8.7499999999998579        61.153128999836490        35.961054496799719      -0.42369066823028256       -5.1690296684458374     
   8.7599999999998577        61.265866365890872        36.028123593285052      -0.39615048184545437       -5.1712073846307289     
   8.7699999999998575        61.378602491251229        36.095191914754501      -0.36859908477340214       -5.1732387605170951     
   8.7799999999998573        61.491337380119091        36.162259463696422      -0.34103725665987034       -5.1751237381579731     
   8.7899999999998570        61.604071036672522        36.229326242586943      -0.31346577745286575       -5.1768622637818060     
   8.7999999999998568        61.716803465066299        36.296392253890041      -0.28588542738006462       -5.1784542877940485     
   8.8099999999998566        61.829534669432093        36.363457500057635      -0.25829698692621095       -5.1798997647786500     
   8.8199999999998564        61.942264653878638        36.430521983529687      -0.23070123681050672       -5.1811986534994103     
   8.8299999999998562        62.054993422491918        36.497585706734270      -0.20309895796399458       -5.1823509169012132     
   8.8399999999998560        62.167720979335328        36.564648672087664      -0.17549093150693390       -5.1833565221111320     
   8.8499999999998558        62.280447328449860        36.631710881994444      -0.14787793872617083       -5.1842154404394138     
   8.8599999999998555        62.393172473854257        36.698772338847562      -0.12026076105250307       -5.1849276473803361     
   8.8699999999998553        62.505896419545195        36.765833045028430       -9.2640180038040032E-002  -5.1854931226129395     
   8.8799999999998551        62.618619169497450        36.832893002907014       -6.5016977333559281E-002  -5.1859118500016361     
   8.8899999999998549        62.731340727664055        36.899952214841903       -3.7391934665859716E-002  -5.1861838175966914     
   8.8999999999998547        62.844061097976471        36.967010683180398       -9.7658338151124218E-003  -5.1863090176345814     
   8.9099999999998545        62.956780284344745        37.034068410258591        1.7860543407790214E-002  -5.1862874465382252     
   8.9199999999998543        63.069498290657677        37.101125398401450        4.5486415183886353E-002  -5.1861191049170934     
   8.9299999999998541        63.182215120782978        37.168181649922893        7.3110999708796809E-002  -5.1858039975671906     
   8.9399999999998538        63.294930778567419        37.235237167125874       0.10073351521537670       -5.1853421334709120     
   8.9499999999998536        63.407645267837012        37.302291952302461       0.12835317999636595       -5.1847335257967764     
   8.9599999999998534        63.520358592397137        37.369346007733910       0.15596921242703785       -5.1839781918990324     
   8.9699999999998532        63.633070756032716        37.436399335690737       0.18358083098784514       -5.1830761533171419     
   8.9799999999998530        63.745781762508358        37.503451938432811       0.21118725428706261       -5.1820274357751375     
   8.9899999999998528        63.858491615568511        37.570503818209417       0.23878770108342576       -5.1808320691808536     
   8.9999999999998526        63.971200318937612        37.637554977259335       0.26638139030876468       -5.1794900876250356     
   9.0099999999998523        64.083907876320239        37.704605417810910       0.29396754109063244       -5.1780015293803210     
   9.0199999999998521        64.196614291401275        37.771655142082139       0.32154537277492740       -5.1763664369000972     
   9.0299999999998519        64.309319567846003        37.838704152280727       0.34911410494850847       -5.1745848568172343     
   9.0399999999998517        64.422023709300305        37.905752450604169       0.37667295746180290       -5.1726568399426931     
   9.0499999999998515        64.534726719390775        37.972800039239822       0.40422115045140555       -5.1705824412640089     
   9.0599999999998513        64.647428601724869        38.039846920364980       0.43175790436266942       -5.1683617199436487     
   9.0699999999998511        64.760129359891053        38.106893096146933       0.45928243997228607       -5.1659947393172470     
   9.0799999999998509        64.872828997458925        38.173938568743054       0.48679397841085587       -5.1634815668917131     
   9.0899999999998506        64.985527517979378        38.240983340300851       0.51429174118544685       -5.1608222743432171     
   9.0999999999998504        65.098224924984734        38.308027412958047       0.54177495020214173       -5.1580169375150486     
   9.1099999999998502        65.210921221988855        38.375070788842649       0.56924282778857249       -5.1550656364153555     
   9.1199999999998500        65.323616412487297        38.442113470073011       0.59669459671644132       -5.1519684552147531     
   9.1299999999998498        65.436310499957457        38.509155458757895       0.62412948022402770       -5.1487254822438127     
   9.1399999999998496        65.549003487858670        38.576196756996552       0.65154670203868081       -5.1453368099904244     
   9.1499999999998494        65.661695379632377        38.643237366878786       0.67894548639929642       -5.1418025350970371     
   9.1599999999998492        65.774386178702230        38.710277290485010       0.70632505807877755       -5.1381227583577740     
   9.1699999999998489        65.887075888474229        38.777316529886313       0.73368464240647835       -5.1342975847154229     
   9.1799999999998487        65.999764512336867        38.844355087144528       0.76102346529063036       -5.1303271232583061     
   9.1899999999998485        66.112452053661229        38.911392964312299       0.78834075324075048       -5.1262114872170228     
   9.1999999999998483        66.225138515801135        38.978430163433131       0.81563573339003004       -5.1219507939610702     
   9.2099999999998481        66.337823902093248        39.045466686541474       0.84290763351770392       -5.1175451649953416     
   9.2199999999998479        66.450508215857226        39.112502535662763       0.87015568207139959       -5.1129947259564998     
   9.2299999999998477        66.563191460395828        39.179537712813499       0.89737910818946476       -5.1082996066092283     
   9.2399999999998474        66.675873638995029        39.246572220001291       0.92457714172327354       -5.1034599408423595     
   9.2499999999998472        66.788554754924149        39.313606059224938       0.95174901325950967       -5.0984758666648791     
   9.2599999999998470        66.901234811435984        39.380639232474472       0.97889395414242697       -5.0933475262018097     
   9.2699999999998468        67.013913811766898        39.447671741731220        1.0060111964960856       -5.0880750656899698     
   9.2799999999998466        67.126591759136971        39.514703588967869        1.0330999732465636       -5.0826586354736110     
   9.2899999999998464        67.239268656750085        39.581734776148522        1.0601595181441434       -5.0770983899999331     
   9.2999999999998462        67.351944507794059        39.648765305228757        1.0871890657854726       -5.0713944878144774     
   9.3099999999998460        67.464619315440771        39.715795178155680        1.1141878516356969       -5.0655470915563976     
   9.3199999999998457        67.577293082846239        39.782824396867994        1.1411551120505670       -5.0595563679536095     
   9.3299999999998455        67.689965813150778        39.849852963296044        1.1680900842985165       -5.0534224878178184     
   9.3399999999998453        67.802637509479069        39.916880879361877        1.1949920065827113       -5.0471456260394243     
   9.3499999999998451        67.915308174940307        39.983908146979289        1.2218601180630699       -5.0407259615823072     
   9.3599999999998449        68.027977812628279        40.050934768053899        1.2486936588782525       -5.0341636774784915     
   9.3699999999998447        68.140646425621497        40.117960744483192        1.2754918701676201       -5.0274589608226874     
   9.3799999999998445        68.253314016983296        40.184986078156570        1.3022539940931623       -5.0206120027667147     
   9.3899999999998442        68.365980589761932        40.252010770955415        1.3289792738613919       -5.0136229985138030     
   9.3999999999998440        68.478646146990712        40.319034824753139        1.3556669537452073       -5.0064921473127741     
   9.4099999999998438        68.591310691688079        40.386058241415228        1.3823162791057209       -4.9992196524521022     
   9.4199999999998436        68.703974226857710        40.453081022799310        1.4089264964140533       -4.9918057212538551     
   9.4299999999998434        68.816636755488645        40.520103170755192        1.4354968532730932       -4.9842505650675175     
   9.4399999999998432        68.929298280555386        40.587124687124927        1.4620265984392202       -4.9765543992636898     
   9.4499999999998430        69.041958805017984        40.654145573742852        1.4885149818439931       -4.9687174432276739     
   9.4599999999998428        69.154618331822135        40.721165832435645        1.5149612546157996       -4.9607399203529354     
   9.4699999999998425        69.267276863899312        40.788185465022373        1.5413646691014689       -4.9526220580344482     
   9.4799999999998423        69.379934404166832        40.855204473314551        1.5677244788878464       -4.9443640876619215     
   9.4899999999998421        69.492590955527973        40.922222859116175        1.5940399388233288       -4.9359662446129065     
   9.4999999999998419        69.605246520872058        40.989240624223783        1.6203103050393597       -4.9274287682457878     
   9.5099999999998417        69.717901103074567        41.056257770426498        1.6465348349718847       -4.9187519018926551     
   9.5199999999998415        69.830554704997226        41.123274299506079        1.6727127873827656       -4.9099358928520562     
   9.5299999999998413        69.943207329488104        41.190290213236970        1.6988434223811533       -4.9009809923816352     
   9.5399999999998411        70.055858979381696        41.257305513386349        1.7249260014448171       -4.8918874556906520     
   9.5499999999998408        70.168509657499044        41.324320201714173        1.7509597874414327       -4.8826555419323840     
   9.5599999999998406        70.281159366647799        41.391334279973215        1.7769440446498246       -4.8732855141964144     
   9.5699999999998404        70.393808109622327        41.458347749909130        1.8028780387811663       -4.8637776395008014     
   9.5799999999998402        70.506455889203821        41.525360613260482        1.8287610370001333       -4.8541321887841313     
   9.5899999999998400        70.619102708160355        41.592372871758798        1.8545923079460123       -4.8443494368974580     
   9.5999999999998398        70.731748569246989        41.659384527128616        1.8803711217537629       -4.8344296625961238     
   9.6099999999998396        70.844393475205877        41.726395581087530        1.9060967500750325       -4.8243731485314694     
   9.6199999999998393        70.957037428766327        41.793406035346223        1.9317684660991246       -4.8141801812424241     
   9.6299999999998391        71.069680432644915        41.860415891608525        1.9573855445739170       -4.8038510511469852     
   9.6399999999998389        71.182322489545541        41.927425151571448        1.9829472618267332       -4.7933860525335801     
   9.6499999999998387        71.294963602159541        41.994433816925230        2.0084528957851626       -4.7827854835523169     
   9.6599999999998385        71.407603773165775        42.061441889353389        2.0339017259978314       -4.7720496462061197     
   9.6699999999998383        71.520243005230697        42.128449370532749        2.0592930336551212       -4.7611788463417506     
   9.6799999999998381        71.632881301008439        42.195456262133490        2.0846261016098393       -4.7501733936407193     
   9.6899999999998379        71.745518663140913        42.262462565819192        2.1099002143978334       -4.7390336016100791     
   9.6999999999998376        71.858155094257882        42.329468283246875        2.1351146582585554       -4.7277597875731114     
   9.7099999999998374        71.970790596977039        42.396473416067039        2.1602687211555720       -4.7163522726598952     
   9.7199999999998372        72.083425173904089        42.463477965923701        2.1853616927970205       -4.7048113817977688     
   9.7299999999998370        72.196058827632839        42.530481934454443        2.2103928646560100       -4.6931374437016782     
   9.7399999999998368        72.308691560745274        42.597485323290449        2.2353615299909677       -4.6813307908644131     
   9.7499999999998366        72.421323375811625        42.664488134056548        2.2602669838659293       -4.6693917595467322     
   9.7599999999998364        72.533954275390471        42.731490368371247        2.2851085231707731       -4.6573206897673813     
   9.7699999999998361        72.646584262028810        42.798492027846784        2.3098854466413963       -4.6451179252929968     
   9.7799999999998359        72.759213338262128        42.865493114089148        2.3345970548798345       -4.6327838136279027     
   9.7899999999998357        72.871841506614487        42.932493628698126        2.3592426503743220       -4.6203187060037951     
   9.7999999999998355        72.984468769598593        42.999493573267344        2.3838215375192937       -4.6077229573693206     
   9.8099999999998353        73.097095129715882        43.066492949384298        2.4083330226353272       -4.5949969263795438     
   9.8199999999998351        73.209720589456595        43.133491758630399        2.4327764139890249       -4.5821409753853075     
   9.8299999999998349        73.322345151299828        43.200490002581013        2.4571510218128347       -4.5691554704224844     
   9.8399999999998347        73.434968817713653        43.267487682805488        2.4814561583248103       -4.5560407812011210     
   9.8499999999998344        73.547591591155140        43.334484800867195        2.5056911377483089       -4.5427972810944741     
   9.8599999999998342        73.660213474070474        43.401481358323565        2.5298552763316269       -4.5294253471279413     
   9.8699999999998340        73.772834468894999        43.468477356726126        2.5539478923675714       -4.5159253599678850     
   9.8799999999998338        73.885454578053299        43.535472797620542        2.5779683062129690       -4.5022977039103482     
   9.8899999999998336        73.998073803959286        43.602467682546639        2.6019158403081097       -4.4885427668696662     
   9.8999999999998334        74.110692149016245        43.669462013038448        2.6257898191961262       -4.4746609403669728     
   9.9099999999998332        74.223309615616913        43.736455790624234        2.6495895695423068       -4.4606526195186005     
   9.9199999999998330        74.335926206143554        43.803449016826541        2.6733144201533441       -4.4465182030243779     
   9.9299999999998327        74.448541922968033        43.870441693162213        2.6969637019965140       -4.4322580931558218     
   9.9399999999998325        74.561156768451866        43.937433821142442        2.7205367482187914       -4.4178726957442249     
   9.9499999999998323        74.673770744946310        44.004425402272787        2.7440328941658945       -4.4033624201686417     
   9.9599999999998321        74.786383854792419        44.071416438053220        2.7674514774012620       -4.3887276793437691     
   9.9699999999998319        74.898996100321114        44.138406929978153        2.7907918377249623       -4.3739688897077258     
   9.9799999999998317        75.011607483853254        44.205396879536472        2.8140533171925322       -4.3590864712097313     
   9.9899999999998315        75.124218007699696        44.272386288211571        2.8372352601337454       -4.3440808472976791     
   9.9999999999998312        75.236827674161347        44.339375157481385        2.8603370131713106       -4.3289524449056129     
   10.009999999999831        75.349436485529267        44.406363488818414        2.8833579252394981       -4.3137016944410984     
   10.019999999999831        75.462044444084697        44.473351283689773        2.9062973476026954       -4.2983290297724963     
   10.029999999999831        75.574651552099141        44.540338543557205        2.9291546338738899       -4.2828348882161356     
   10.039999999999830        75.687257811834414        44.607325269877123        2.9519291400330783       -4.2672197105233858     
   10.049999999999830        75.799863225542737        44.674311464100633        2.9746202244456041       -4.2514839408676313     
   10.059999999999830        75.912467795466767        44.741297127673576        2.9972272478804194       -4.2356280268311473     
   10.069999999999830        76.025071523839685        44.808282262036549        3.0197495735282729       -4.2196524193918750     
   10.079999999999830        76.137674412885232        44.875266868624948        3.0421865670198236       -4.2035575729101025     
   10.089999999999829        76.250276464817787        44.942250948868981        3.0645375964436781       -4.1873439451150460     
   10.099999999999829        76.362877681842420        45.009234504193707        3.0868020323643512       -4.1710119970913340     
   10.109999999999829        76.475478066154963        45.076217536019065        3.1089792478401512       -4.1545621932653951     
   10.119999999999829        76.588077619942069        45.143200045759905        3.1310686184409877       -4.1379950013917517     
   10.129999999999828        76.700676345381254        45.210182034826012        3.1530695222661014       -4.1213108925392161     
   10.139999999999828        76.813274244640979        45.277163504622145        3.1749813399617155       -4.1045103410769919     
   10.149999999999828        76.925871319880684        45.344144456548051        3.1968034547386091       -4.0875938246606811     
   10.159999999999828        77.038467573250870        45.411124891998512        3.2185352523896102       -4.0705618242181973     
   10.169999999999828        77.151063006893153        45.478104812363355        3.2401761213070110       -4.0534148239355838     
   10.179999999999827        77.263657622940300        45.545084219027494        3.2617254524999009       -4.0361533112427415     
   10.189999999999827        77.376251423516308        45.612063113370944        3.2831826396114199       -4.0187777767990598     
   10.199999999999827        77.488844410736448        45.679041496768860        3.3045470789359301       -4.0012887144789593     
   10.209999999999827        77.601436586707337        45.746019370591561        3.3258181694361060       -3.9836866213573394     
   10.219999999999827        77.714027953526966        45.812996736204560        3.3469953127599421       -3.9659719976949379     
   10.229999999999826        77.826618513284785        45.879973594968583        3.3680779132576784       -3.9481453469235972     
   10.239999999999826        77.939208268061748        45.946949948239599        3.3890653779986417       -3.9302071756314412     
   10.249999999999826        78.051797219930350        46.013925797368856        3.4099571167880049       -3.9121579935479622     
   10.259999999999826        78.164385370954705        46.080901143702896        3.4307525421834595       -3.8939983135290195     
   10.269999999999825        78.276972723190582        46.147875988583579        3.4514510695118057       -3.8757286515417473     
   10.279999999999825        78.389559278685468        46.214850333348117        3.4720521168854570       -3.8573495266493758     
   10.289999999999825        78.502145039478606        46.281824179329099        3.4925551052188579       -3.8388614609959641     
   10.299999999999825        78.614730007601068        46.348797527854515        3.5129594582448171       -3.8202649797910455     
   10.309999999999825        78.727314185075812        46.415770380247771        3.5332646025307533       -3.8015606112941867     
   10.319999999999824        78.839897573917696        46.482742737827735        3.5534699674948533       -3.7827488867994599     
   10.329999999999824        78.952480176133562        46.549714601908740        3.5735749854221446       -3.7638303406198301     
   10.339999999999824        79.065061993722281        46.616685973800628        3.5935790914804784       -3.7448055100714561     
   10.349999999999824        79.177643028674794        46.683656854808760        3.6134817237364247       -3.7256749354579073     
   10.359999999999824        79.290223282974168        46.750627246234046        3.6332823231710791       -3.7064391600542970     
   10.369999999999823        79.402802758595655        46.817597149372965        3.6529803336957789       -3.6870987300913312     
   10.379999999999823        79.515381457506720        46.884566565517595        3.6725752021677311       -3.6676541947392738     
   10.389999999999823        79.627959381667097        46.951535495955632        3.6920663784055501       -3.6481061060918307     
   10.399999999999823        79.740536533028845        47.018503941970415        3.7114533152047033       -3.6284550191499512     
   10.409999999999823        79.853112913536407        47.085471904840951        3.7307354683528668       -3.6087014918055464     
   10.419999999999822        79.965688525126623        47.152439385841930        3.7499122966451903       -3.5888460848251289     
   10.429999999999822        80.078263369728816        47.219406386243762        3.7689832618994683       -3.5688893618333708     
   10.439999999999822        80.190837449264805        47.286372907312590        3.7879478289712205       -3.5488318892965820     
   10.449999999999822        80.303410765648977        47.353338950310309        3.8068054657686794       -3.5286742365061086     
   10.459999999999821        80.415983320788314        47.420304516494603        3.8255556432676836       -3.5084169755616541     
   10.469999999999821        80.528555116582453        47.487269607118947        3.8441978355264790       -3.4880606813545203     
   10.479999999999821        80.641126154923725        47.554234223432644        3.8627315197004246       -3.4676059315507715     
   10.489999999999821        80.753696437697215        47.621198366680844        3.8811561760566056       -3.4470533065743214     
   10.499999999999821        80.866265966780787        47.688162038104558        3.8994712879883502       -3.4264033895899439     
   10.509999999999820        80.978834744045130        47.755125238940693        3.9176763420296523       -3.4056567664862065     
   10.519999999999820        81.091402771353813        47.822087970422054        3.9357708278694981       -3.3848140258583297     
   10.529999999999820        81.203970050563328        47.889050233777382        3.9537542383660962       -3.3638757589909702     
   10.539999999999820        81.316536583523131        47.956012030231378        3.9716260695610135       -3.3428425598409306     
   10.549999999999820        81.429102372075675        48.022973361004702        3.9893858206932116       -3.3217150250197944     
   10.559999999999819        81.541667418056477        48.089934227314011        4.0070329942129881       -3.3004937537764891     
   10.569999999999819        81.654231723294131        48.156894630371973        4.0245670957958195       -3.2791793479797753     
   10.579999999999819        81.766795289610371        48.223854571387292        4.0419876343561070       -3.2577724121006639     
   10.589999999999819        81.879358118820122        48.290814051564730        4.0592941220608232       -3.2362735531947622     
   10.599999999999818        81.991920212731500        48.357773072105111        4.0764860743430607       -3.2146833808845492     
   10.609999999999818        82.104481573145904        48.424731634205358        4.0935630099154823       -3.1930025073415793     
   10.619999999999818        82.217042201858021        48.491689739058508        4.1105244507836698       -3.1712315472686177     
   10.629999999999818        82.329602100655890        48.558647387853725        4.1273699222593763       -3.1493711178817057     
   10.639999999999818        82.442161271320927        48.625604581776322        4.1440989529736756       -3.1274218388921571     
   10.649999999999817        82.554719715627968        48.692561322007784        4.1607110748900134       -3.1053843324884869     
   10.659999999999817        82.667277435345312        48.759517609725783        4.1772058233171556       -3.0832592233182732     
   10.669999999999817        82.779834432234750        48.826473446104202        4.1935827369220391       -3.0610471384699505     
   10.679999999999817        82.892390708051636        48.893428832313148        4.2098413577425164       -3.0387487074545385     
   10.689999999999817        83.004946264544884        48.960383769518977        4.2259812312000031       -3.0163645621873036     
   10.699999999999816        83.117501103457030        49.027338258884299        4.2420019061120193       -2.9938953369693562     
   10.709999999999816        83.230055226524271        49.094292301568011        4.2579029347046324       -2.9713416684691829     
   10.719999999999816        83.342608635476509        49.161245898725305        4.2736838726247948       -2.9487041957041158     
   10.729999999999816        83.455161332037363        49.228199051507694        4.2893442789525791       -2.9259835600217365     
   10.739999999999815        83.567713317924230        49.295151761063025        4.3048837162133102       -2.9031804050812196     
   10.749999999999815        83.680264594848325        49.362104028535498        4.3203017503895946       -2.8802953768346113     
   10.759999999999815        83.792815164514693        49.429055855065677        4.3355979509332432       -2.8573291235080500     
   10.769999999999815        83.905365028622271        49.496007241790515        4.3507718907770929       -2.8342822955829226     
   10.779999999999815        84.017914188863912        49.562958189843371        4.3658231463467212       -2.8111555457769617     
   10.789999999999814        84.130462646926418        49.629908700354022        4.3807512975720586       -2.7879495290252838     
   10.799999999999814        84.243010404490590        49.696858774448685        4.3955559278988927       -2.7646649024613672     
   10.809999999999814        84.355557463231250        49.763808413250032        4.4102366243002686       -2.7413023253979714     
   10.819999999999814        84.468103824817277        49.830757617877204        4.4247929772877850       -2.7178624593079994     
   10.829999999999814        84.580649490911654        49.897706389445830        4.4392245809227804       -2.6943459678053014     
   10.839999999999813        84.693194463171494        49.964654729068045        4.4535310328274180       -2.6707535166254233     
   10.849999999999813        84.805738743248071        50.031602637852501        4.4677119341956590       -2.6470857736062974     
   10.859999999999813        84.918282332786859        50.098550116904384        4.4817668898041338       -2.6233434086688789     
   10.869999999999813        85.030825233427578        50.165497167325441        4.4956955080229024       -2.5995270937977275     
   10.879999999999812        85.143367446804206        50.232443790213978        4.5094974008261097       -2.5756375030215328     
   10.889999999999812        85.255908974545022        50.299389986664885        4.5231721838025329       -2.5516753123935887     
   10.899999999999812        85.368449818272651        50.366335757769654        4.5367194761660192       -2.5276411999722126     
   10.909999999999812        85.480989979604090        50.433281104616391        4.5501389007658171       -2.5035358458011134     
   10.919999999999812        85.593529460150720        50.500226028289831        4.5634300840968001       -2.4793599318897077     
   10.929999999999811        85.706068261518368        50.567170529871348        4.5765926563095798       -2.4551141421933838     
   10.939999999999811        85.818606385307319        50.634114610438985        4.5896262512205119       -2.4307991625937153     
   10.949999999999811        85.931143833112358        50.701058271067453        4.6025305063215916       -2.4064156808786263     
   10.959999999999811        86.043680606522813        50.768001512828157        4.6153050627902399       -2.3819643867225051     
   10.969999999999811        86.156216707122553        50.834944336789206        4.6279495654989828       -2.3574459716662703     
   10.979999999999810        86.268752136490065        50.901886744015428        4.6404636630250167       -2.3328611290973891     
   10.989999999999810        86.381286896198446        50.968828735568380        4.6528470076596680       -2.3082105542298472     
   10.999999999999810        86.493820987815454        51.035770312506365        4.6650992554177382       -2.2834949440840724     
   11.009999999999810        86.606354412903514        51.102711475884455        4.6772200660467425       -2.2587149974668117     
   11.019999999999810        86.718887173019795        51.169652226754494        4.6892091030360357       -2.2338714149509640     
   11.029999999999809        86.831419269716193        51.236592566165115        4.7010660336258274       -2.2089648988553652     
   11.039999999999809        86.943950704539390        51.303532495161754        4.7127905288160870       -2.1839961532245318     
   11.049999999999809        87.056481479030879        51.370472014786671        4.7243822633753361       -2.1589658838083592     
   11.059999999999809        87.169011594726982        51.437411126078949        4.7358409158493302       -2.1338747980417776     
   11.069999999999808        87.281541053158890        51.504349830074517        4.7471661685696303       -2.1087236050243643     
   11.079999999999808        87.394069855852678        51.571288127806163        4.7583577076620598       -2.0835130154999155     
   11.089999999999808        87.506598004329362        51.638226020303549        4.7694152230550513       -2.0582437418359771     
   11.099999999999808        87.619125500104900        51.705163508593216        4.7803384084878804       -2.0329164980033330     
   11.109999999999808        87.731652344690232        51.772100593698603        4.7911269615187875       -2.0075319995554550     
   11.119999999999807        87.844178539591312        51.839037276640063        4.8017805835329881       -1.9820909636079140     
   11.129999999999807        87.956704086309131        51.905973558434866        4.8122989797505680       -1.9565941088177510     
   11.139999999999807        88.069228986339738        51.972909440097226        4.8226818592342688       -1.9310421553628105     
   11.149999999999807        88.181753241174277        52.039844922638302        4.8329289348971569       -1.9054358249210377     
   11.159999999999807        88.294276852299021        52.106780007066213        4.8430399235101822       -1.8797758406497367     
   11.169999999999806        88.406799821195378        52.173714694386049        4.8530145457096214       -1.8540629271647950     
   11.179999999999806        88.519322149339928        52.240648985599897        4.8628525260044091       -1.8282978105198711     
   11.189999999999806        88.631843838204460        52.307582881706828        4.8725535927833548       -1.8024812181855467     
   11.199999999999806        88.744364889255991        52.374516383702939        4.8821174783222467       -1.7766138790284469     
   11.209999999999805        88.856885303956787        52.441449492581341        4.8915439187908412       -1.7506965232903247     
   11.219999999999805        88.969405083764400        52.508382209332176        4.9008326542597374       -1.7247298825671129     
   11.229999999999805        89.081924230131690        52.575314534942635        4.9099834287071387       -1.6987146897879453     
   11.239999999999805        89.194442744506844        52.642246470396969        4.9189959900255005       -1.6726516791941437     
   11.249999999999805        89.306960628333414        52.709178016676503        4.9278700900280610       -1.6465415863181765     
   11.259999999999804        89.419477883050334        52.776109174759640        4.9366054844552600       -1.6203851479625846     
   11.269999999999804        89.531994510091934        52.843039945621875        4.9452019329810435       -1.5941831021788790     
   11.279999999999804        89.644510510887997        52.909970330235808        4.9536591992190493       -1.5679361882464089     
   11.289999999999804        89.757025886863744        52.976900329571151        4.9619770507286827       -1.5416451466512013     
   11.299999999999804        89.869540639439890        53.043829944594748        4.9701552590210740       -1.5153107190647728     
   11.309999999999803        89.982054770032661        53.110759176270584        4.9781935995649231       -1.4889336483229136     
   11.319999999999803        90.094568280053807        53.177688025559789        4.9860918517922270       -1.4625146784044467     
   11.329999999999803        90.207081170910641        53.244616493420651        4.9938497991038924       -1.4360545544099588     
   11.339999999999803        90.319593444006046        53.311544580808629        5.0014672288752342       -1.4095540225405074     
   11.349999999999802        90.432105100738525        53.378472288676370        5.0089439324613574       -1.3830138300763035     
   11.359999999999802        90.544616142502193        53.445399617973713        5.0162797052024226       -1.3564347253553692     
   11.369999999999802        90.657126570686813        53.512326569647698        5.0234743464287988       -1.3298174577521729     
   11.379999999999802        90.769636386677831        53.579253144642571        5.0305276594660970       -1.3031627776562407     
   11.389999999999802        90.882145591856386        53.646179343899817        5.0374394516400907       -1.2764714364507472     
   11.399999999999801        90.994654187599338        53.713105168358148        5.0442095342815181       -1.2497441864910839     
   11.409999999999801        91.107162175279299        53.780030618953518        5.0508377227307717       -1.2229817810834060     
   11.419999999999801        91.219669556264634        53.846955696619140        5.0573238363424684       -1.1961849744631612     
   11.429999999999801        91.332176331919499        53.913880402285493        5.0636676984899056       -1.1693545217735968     
   11.439999999999801        91.444682503603858        53.980804736880323        5.0698691365694017       -1.1424911790442493     
   11.449999999999800        91.557188072673512        54.047728701328673        5.0759279820045178       -1.1155957031694153     
   11.459999999999800        91.669693040480098        54.114652296552876        5.0818440702501659       -1.0886688518866041     
   11.469999999999800        91.782197408371147        54.181575523472567        5.0876172407966003       -1.0617113837549748     
   11.479999999999800        91.894701177690081        54.248498383004701        5.0932473371732909       -1.0347240581337553     
   11.489999999999799        92.007204349776231        54.315420876063556        5.0987342069526829       -1.0077076351606475     
   11.499999999999799        92.119706925964877        54.382343003560742        5.1040777017538383      -0.98066287573021538     
   11.509999999999799        92.232208907587250        54.449264766405214        5.1092776772459620      -0.95359054147226019     
   11.519999999999799        92.344710295970572        54.516186165503278        5.1143339931518099      -0.92649139473018138     
   11.529999999999799        92.457211092438058        54.583107201758608        5.1192465132509835      -0.89936619853932409     
   11.539999999999798        92.569711298308945        54.650027876072244        5.1240151053831040      -0.87221571660531438     
   11.549999999999798        92.682210914898519        54.716948189342610        5.1286396414508744      -0.84504071328238239     
   11.559999999999798        92.794709943518129        54.783868142465522        5.1331199974230213      -0.81784195355167433     
   11.569999999999798        92.907208385475201        54.850787736334190        5.1374560533371234      -0.79062020299955371     
   11.579999999999798        93.019706242073255        54.917706971839237        5.1416476933023212      -0.76337622779589287     
   11.589999999999797        93.132203514611945        54.984625849868699        5.1456948055019103      -0.73611079467235485     
   11.599999999999797        93.244700204387073        55.051544371308040        5.1495972821958196      -0.70882467090066659     
   11.609999999999797        93.357196312690590        55.118462537040159        5.1533550197229721      -0.68151862427088405     
   11.619999999999797        93.469691840810626        55.185380347945404        5.1569679185035300      -0.65419342306964978     
   11.629999999999797        93.582186790031514        55.252297804901566        5.1604358830410222      -0.62684983605844369     
   11.639999999999796        93.694681161633810        55.319214908783906        5.1637588219243566      -0.59948863245182760     
   11.649999999999796        93.807174956894301        55.386131660465146        5.1669366478297150      -0.57211058189568420     
   11.659999999999796        93.919668177086038        55.453048060815497        5.1699692775223314      -0.54471645444545114     
   11.669999999999796        94.032160823478350        55.519964110702645        5.1728566318581555      -0.51730702054435052     
   11.679999999999795        94.144652897336840        55.586879810991782        5.1755986357853976      -0.48988305100161500     
   11.689999999999795        94.257144399923448        55.653795162545592        5.1781952183459588      -0.46244531697071056     
   11.699999999999795        94.369635332496415        55.720710166224279        5.1806463126767452      -0.43499458992755685     
   11.709999999999795        94.482125696310348        55.787624822885569        5.1829518560108649      -0.40753164164874583     
   11.719999999999795        94.594615492616214        55.854539133384705        5.1851117896787082      -0.38005724418975911     
   11.729999999999794        94.707104722661370        55.921453098574474        5.1871260591089134      -0.35257216986318468     
   11.739999999999794        94.819593387689565        55.988366719305205        5.1889946138292160      -0.32507719121693374     
   11.749999999999794        94.932081488940966        56.055279996424780        5.1907174074671811      -0.29757308101245805     
   11.759999999999794        95.044569027652187        56.122192930778638        5.1922943977508194      -0.27006061220296879     
   11.769999999999794        95.157056005056290        56.189105523209790        5.1937255465090892      -0.24254055791165705     
   11.779999999999793        95.269542422382798        56.256017774558821        5.1950108196722820      -0.21501369140991697     
   11.789999999999793        95.382028280857725        56.322929685663901        5.1961501872722895      -0.18748078609557203     
   11.799999999999793        95.494513581703586        56.389841257360786        5.1971436234427593      -0.15994261547110503     
   11.809999999999793        95.606998326139419        56.456752490482835        5.1979911064191313      -0.13239995312189243     
   11.819999999999792        95.719482515380804        56.523663385861013        5.1986926185385611      -0.10485357269444370     
   11.829999999999792        95.831966150639857        56.590573944323900        5.1992481462397260       -7.7304247874646265E-002
   11.839999999999792        95.944449233125283        56.657484166697692        5.1996576800625167       -4.9752752366016569E-002
   11.849999999999792        96.056931764042361        56.724394053806215        5.1999212146476133       -2.2199859867958076E-002
   11.859999999999792        96.169413744592973        56.791303606470933        5.2000387487359463        5.3536559459733809E-003
   11.869999999999791        96.281895175975620        56.858212825510954        5.2000102851680419        3.2907021449796195E-002
   11.879999999999791        96.394376059385436        56.925121711743039        5.1998358308832531        6.0459463086820930E-002
   11.889999999999791        96.506856396014200        56.992030265981604        5.1995153969188745        8.8010207391359022E-002
   11.899999999999791        96.619336187050351        57.058938489038731        5.1990489984091441       0.11555848101042161     
   11.909999999999791        96.731815433679017        57.125846381724173        5.1984366545841292       0.14310351072540792     
   11.919999999999790        96.844294137082017        57.192753944845364        5.1976783887684963       0.17064452347378259     
   11.929999999999790        96.956772298437869        57.259661179207420        5.1967742283801703       0.19818074637074123     
   11.939999999999790        97.069249918921827        57.326568085613154        5.1957242049288759       0.22571140673086384     
   11.949999999999790        97.181726999705887        57.393474664863078        5.1945283540145661       0.25323573208975525     
   11.959999999999789        97.294203541958794        57.460380917755408        5.1931867153257363       0.28075295022567209     
   11.969999999999789        97.406679546846064        57.527286845086081        5.1916993326376231       0.30826228918113591     
   11.979999999999789        97.519155015530004        57.594192447648751        5.1900662538102917       0.33576297728453119     
   11.989999999999789        97.631629949169707        57.661097726234800        5.1882875307866083       0.36325424317168847     
   11.999999999999789        97.744104348921084        57.728002681633342        5.1863632195900982       0.39073531580745141     
