   0.0000000000000000        1.0000000000000000        0.0000000000000000        5.2000000000000002        0.0000000000000000     
   1.0000000000000000E-002   1.0000000000000000        6.2831853071795868E-002   5.2000000000000002        2.7553590302269778E-002
   2.0000000000000000E-002  0.99609668038643218       0.12541693904402151        5.1998540054122007        5.5106407022378262E-002
   2.9999999999999999E-002  0.98832850601925915       0.18751238147743257        5.1995620264848945        8.2657676664964402E-002
   4.0000000000000001E-002  0.97674862747198221       0.24888010692792603        5.1991240775649512       0.11020662584308352     
   5.0000000000000003E-002  0.96142431474734735       0.30928769182219001        5.1985401770966728       0.13775248129981846     
   6.0000000000000005E-002  0.94243635084409694       0.36850914221857689        5.1978103476205177       0.16529446992988733     
   7.0000000000000007E-002  0.91987839306381958       0.42632560583754719        5.1969346157716938       0.19283181880124911     
   8.0000000000000002E-002  0.89385630962569751       0.48252601672199347        5.1959130122786279       0.22036375517670762     
   8.9999999999999997E-002  0.86448749872483333       0.53690767378056181        5.1947455719613078       0.24788950653551403     
   9.9999999999999992E-002  0.83190019664507964       0.58927675526142009        5.1934323337295094       0.27540830059496757     
  0.10999999999999999       0.79623278093923688       0.63944877188876525        5.1919733405809039       0.30291936533201341     
  0.11999999999999998       0.75763307403773794       0.68724896196318386        5.1903686395990523       0.33042192900483647     
  0.12999999999999998       0.71625765196058355       0.73251263217758822        5.1886182819512907       0.35791522017444966     
  0.13999999999999999       0.67227116210420879       0.77508544823458914        5.1867223228865038       0.38539846772627478     
  0.14999999999999999       0.62584565337128661       0.81482367957392376        5.1846808217327931       0.41287090089171402     
  0.16000000000000000       0.57715992122122961       0.85159440263764985        5.1824938418950399       0.44033174926971014     
  0.17000000000000001       0.52639886955402182       0.88527566712583361        5.1801614508523626       0.46778024284829345     
  0.18000000000000002       0.47375289070928178       0.91575662963712157        5.1776837201554686       0.49521561202611392     
  0.19000000000000003       0.41941726427306059       0.94293765895808712        5.1750607254239043       0.52263708763395633     
  0.20000000000000004       0.36359157484157167       0.96673041707367446        5.1722925463431988       0.55004390095623701     
  0.21000000000000005       0.30647914839664758       0.98705791972896595        5.1693792666619043       0.57743528375248132     
  0.22000000000000006       0.24828650650338380        1.0038545800895429        5.1663209741885305       0.60481046827877938     
  0.23000000000000007       0.18922283714598545        1.0170662387324538        5.1631177607883760       0.63216868730922016     
  0.24000000000000007       0.12949948067208189        1.0266501828596006        5.1597697223802523       0.65950917415730215     
  0.25000000000000006        6.9329429016809135E-002   1.0325751572662762        5.1562769589331001       0.68683116269732003     
  0.26000000000000006        8.9268361234444687E-003   1.0348213692245023        5.1526395744625022       0.71413388738572658     
  0.27000000000000007       -5.1493462735195665E-002   1.0333804890573968        5.1488576770270873       0.74141658328246918     
  0.28000000000000008      -0.11171642520346771        1.0282556477897049        5.1449313787248254       0.76867848607229994     
  0.29000000000000009      -0.17152727226240283        1.0194614328625664        5.1408607956892167       0.79591883208605929     
  0.30000000000000010      -0.23071195752701767        1.0070238824985307        5.1366460480853702       0.82313685832193240     
  0.31000000000000011      -0.28905763819260477       0.99098047889612373        5.1322872601059748       0.85033180246667772     
  0.32000000000000012      -0.34635315043378989       0.97138014002182016        5.1277845599671625       0.87750290291682775     
  0.33000000000000013      -0.40238949205916819       0.94828320935073129        5.1231380799042610       0.90464939879986073     
  0.34000000000000014      -0.45696031518895203       0.92176144248521785        5.1183479561674350       0.93177052999534349     
  0.35000000000000014      -0.50986243165167511       0.89189798915260599        5.1134143290172238       0.95886553715604494     
  0.36000000000000015      -0.56089633368619785       0.85878736864910588        5.1083373427199632       0.98593366172901942     
  0.37000000000000016      -0.60986673238385503       0.82253543635724591        5.1031171455431030        1.0129741459766595     
  0.38000000000000017      -0.65658311610863795       0.78325933851962037        5.0977538897504120        1.0399862329977185     
  0.39000000000000018      -0.70086033088618627       0.74108745200434367        5.0922477315970749        1.0669691667483012     
  0.40000000000000019      -0.74251918444986609       0.69615930535020087        5.0865988313246797        1.0939221920628230     
  0.41000000000000020      -0.78138707526868456       0.64862547693625427        5.0808073531560964        1.1208445546749370     
  0.42000000000000021      -0.81729864745131675       0.59864746568726945        5.0748734652902465        1.1477355012384283     
  0.43000000000000022      -0.85009647191716953       0.54639752931012464        5.0687973398967632        1.1745942793480748     
  0.44000000000000022      -0.87963175364352486       0.49205848466661878        5.0625791531105442        1.2014201375604754     
  0.45000000000000023      -0.90576506413238433       0.43582346453611509        5.0562190850261937        1.2282123254148425     
  0.46000000000000024      -0.92836709748776214       0.37789562472075200        5.0497173196923590        1.2549700934537613     
  0.47000000000000025      -0.94731944765152742       0.31848779521226089        5.0430740451059561        1.2816926932439132     
  0.48000000000000026      -0.96251540341336161       0.25782206899071092        5.0362894532062903        1.3083793773967636     
  0.49000000000000027      -0.97386075679069140       0.19612932198177493        5.0293637398690656        1.3350293995892140     
  0.50000000000000022      -0.98127461927386572       0.13364865778217913        5.0222971049002902        1.3616420145842170     
  0.51000000000000023      -0.98469023926092747        7.0626770995973781E-002   5.0150897520300735        1.3882164782513542     
  0.52000000000000024      -0.98405581278066090        7.3172234309001544E-003   5.0077418889063141        1.4147520475873767     
  0.53000000000000025      -0.97933527834343204       -5.6020371992073451E-002   5.0002537270882836        1.4412479807367069     
  0.54000000000000026      -0.97050908549417270      -0.11912126393991761        4.9926254820401024        1.4677035370119018     
  0.55000000000000027      -0.95757492540479205      -0.18171657524166540        4.9848573731241101        1.4941179769140776     
  0.56000000000000028      -0.94054841067514350      -0.24353441728270003        4.9769496235941295        1.5204905621532934     
  0.57000000000000028      -0.91946369045969445      -0.30430110658930515        4.9689024605886241        1.5468205556688961     
  0.58000000000000029      -0.89437398615426356      -0.36374248213399790        4.9607161151237502        1.5731072216498230     
  0.59000000000000030      -0.86535203222114621      -0.42158531979989805        4.9523908220863060        1.5993498255548642     
  0.60000000000000031      -0.83249040636189475      -0.47755883811929778        4.9439268202265714        1.6255476341328827     
  0.61000000000000032      -0.79590173322545799      -0.53139628688325402        4.9353243521510457        1.6516999154429928     
  0.62000000000000033      -0.75571874622302859      -0.58283660755585665        4.9265836643150811        1.6778059388746946     
  0.63000000000000034      -0.71209419286111031      -0.63162615168461234        4.9177050070154102        1.7038649751679666     
  0.64000000000000035      -0.66520057034191549      -0.67752044075787876        4.9086886343825702        1.7298762964333132     
  0.65000000000000036      -0.61522968004155476      -0.72028594831577974        4.8995348043732241        1.7558391761717693     
  0.66000000000000036      -0.56239199186919553      -0.75970188267774241        4.8902437787623771        1.7817528892948593     
  0.67000000000000037      -0.50691581241966199      -0.79556194651998646        4.8808158231354906        1.8076167121445115     
  0.68000000000000038      -0.44904625421779953      -0.82767604783423498        4.8712512068804914        1.8334299225129265     
  0.69000000000000039      -0.38904400714838622      -0.85587193563479125        4.8615502031796822        1.8591917996624001     
  0.70000000000000040      -0.32718391727650947      -0.87999673325425753        4.8517130890015459        1.8849016243451000     
  0.71000000000000041      -0.26375338257094744      -0.89991834225991718        4.8417401450924480        1.9105586788227948     
  0.72000000000000042      -0.19905057940651175      -0.91552669098974226        4.8316316559682404        1.9361622468865372     
  0.73000000000000043      -0.13338253798403760      -0.92673480347494375        4.8213879099057602        1.9617116138762987     
  0.74000000000000044       -6.7063088803941767E-002 -0.93347966707549923        4.8110091989342294        1.9872060667005573     
  0.75000000000000044       -4.1070589669128468E-004 -0.93572288045894991        4.8004958188265530        2.0126448938558368     
  0.76000000000000045        6.6253724503142278E-002 -0.93345106751587825        4.7898480690905174        2.0380273854461977     
  0.77000000000000046       0.13260917888799542      -0.92667604730750730        4.7790662529598888        2.0633528332026811     
  0.78000000000000047       0.19833678262281224      -0.91543475503137361        4.7681506773854112        2.0886205305027015     
  0.79000000000000048       0.26312207437033086      -0.89978891409706929        4.7571016530257051        2.1138297723893915     
  0.80000000000000049       0.32665721624352789      -0.87982446453955365        4.7459194942380707        2.1389798555908994     
  0.81000000000000050       0.38864311842756827      -0.85565075797380985        4.7346045190691903        2.1640700785396350     
  0.82000000000000051       0.44879144916661351      -0.82739953393112486        4.7231570492457342        2.1890997413914675     
  0.83000000000000052       0.50682650392828388      -0.79522369655178415        4.7115774101648711        2.2140681460448750     
  0.84000000000000052       0.56248691111438665      -0.75929591410632102        4.6998659308846804        2.2389745961600420     
  0.85000000000000053       0.61552715573033900      -0.71980706657615756        4.6880229441144730        2.2638183971779098     
  0.86000000000000054       0.66571890679229184      -0.67696456848081465        4.6760487862050155        2.2885988563391759     
  0.87000000000000055       0.71285213877010867      -0.63099059526829471        4.6639437971386624        2.3133152827032437     
  0.88000000000000056       0.75673604187051302      -0.58212024190103606        4.6517083205193970        2.3379669871671220     
  0.89000000000000057       0.79719972030549791      -0.53059964181949304        4.6393427035627797        2.3625532824842739     
  0.90000000000000058       0.83409268173419893      -0.47668407332507917        4.6268472970858081        2.3870734832834146     
  0.91000000000000059       0.86728512470464192      -0.42063607869200736        4.6142224554966891        2.4115269060872575     
  0.92000000000000060       0.89666803407577511      -0.36272361910606704        4.6014685367845223        2.4359128693312067     
  0.93000000000000060       0.92215309701937964      -0.30321828595731809        4.5885859025088971        2.4602306933819964     
  0.94000000000000061       0.94367245426283863      -0.24239358620302753        4.5755749177894049        2.4844797005562755     
  0.95000000000000062       0.96117830273940719      -0.18052331658122042        4.5624359512950665        2.5086592151391334     
  0.96000000000000063       0.97464236678597338      -0.11788003849784817        4.5491693752336753        2.5327685634025685     
  0.97000000000000064       0.98405525550970252       -5.4733662521876829E-002   4.5357755653410567        2.5568070736238955     
  0.98000000000000065       0.98942572398708950        8.6498513232124014E-003   4.5222549008702435        2.5807740761040892     
  0.99000000000000066       0.99077985562220472        7.2009673828403342E-002   4.5086077645805647        2.6046689031860626     
   1.0000000000000007       0.98816018233925051       0.13509116608936847        4.4948345427266521        2.6284908892728764     
   1.0100000000000007       0.98162475838182095       0.19764681891532501        4.4809356250473567        2.6522393708458791     
   1.0200000000000007       0.97124620239840598       0.25943707461122772        4.4669114047545779        2.6759136864827724     
   1.0300000000000007       0.95711072126656738       0.32023103506551154        4.4527622785220027        2.6995131768756031     
   1.0400000000000007       0.93931712779629073       0.37980706128210462        4.4384886464737496        2.7230371848486770     
   1.0500000000000007       0.91797586309865509       0.43795327044676341        4.4240909121729182        2.7464850553763962     
   1.0600000000000007       0.89320803304435836       0.49446793733461381        4.4095694826100393        2.7698561356010174     
   1.0700000000000007       0.86514446689617530       0.54915980737173509        4.3949247681914274        2.7931497748503316     
   1.0800000000000007       0.83392480490231802       0.60184832898359841        4.3801571827274275        2.8163653246552656     
   1.0900000000000007       0.79969662040077649       0.65236381302205948        4.3652671434205601        2.8395021387674069     
   1.1000000000000008       0.76261458082038736       0.70054752708430479        4.3502550708535601        2.8625595731764530     
   1.1100000000000008       0.72283965088125768       0.74625173244390652        4.3351213889773117        2.8855369861275877     
   1.1200000000000008       0.68053834030087246       0.78933967112617465        4.3198665250986759        2.9084337381387839     
   1.1300000000000008       0.63588199740589790       0.82968551039536165        4.3044909098682167        2.9312491920180390     
   1.1400000000000008       0.58904614923445719       0.86717425159588346        4.2889949772678229        2.9539827128805416     
   1.1500000000000008       0.54020988798887470       0.90170160991749393        4.2733791645982286        2.9766336681657730     
   1.1600000000000008       0.48955530306242589       0.93317387124741380        4.2576439124664365        2.9992014276545444     
   1.1700000000000008       0.43726695731204923       0.96150773184131799        4.2417896647730435        3.0216853634859713     
   1.1800000000000008       0.38353140577769779       0.98663012609898648        4.2258168686994741        3.0440848501743867     
   1.1900000000000008       0.32853675465249760        1.0084780472772452        4.2097259746951243        3.0663992646261917     
   1.2000000000000008       0.27247225797983626        1.0269983655193466        4.1935174364644139        3.0886279861566459     
   1.2100000000000009       0.21552794928707064        1.0421476471318727        4.1771917109537560        3.1107703965065951     
   1.2200000000000009       0.15789430515350539        1.0538919786022352        4.1607492583384431        3.1328258798591384     
   1.2300000000000009        9.9761937545301896E-002   1.0622067984255088        4.1441905420094480        3.1547938228562309     
   1.2400000000000009        4.1321311624733216E-002   1.0670767394012377        4.1275160285601489        3.1766736146152241     
   1.2500000000000009       -1.7237514351358316E-002   1.0684954836705398        4.1107261877729728        3.1984646467453413     
   1.2600000000000009       -7.5725130495592402E-002   1.0664656323918438        4.0938214926059633        3.2201663133640865     
   1.2700000000000009      -0.13395300161495705        1.0609985915995019        4.0768024191792698        3.2417780111135870     
   1.2800000000000009      -0.19173368192735146        1.0521144754519987        4.0596694467615615        3.2632991391768678     
   1.2900000000000009      -0.24888102172341622        1.0398420277533542        4.0424230577563671        3.2847290992940561     
   1.3000000000000009      -0.30521036954476638        1.0242185623196749        4.0250637376883374        3.3060672957785164     
   1.3100000000000009      -0.36053877346502938        1.0052899224590239        4.0075919751894329        3.3273131355329144     
   1.3200000000000010      -0.41468518507557328       0.98311045953268150        3.9900082619850368        3.3484660280652072     
   1.3300000000000010      -0.46747066979496027       0.95774303026472984        3.9723130928799932        3.3695253855045624     
   1.3400000000000010      -0.51871862714048100       0.92925901215961304        3.9545069657445708        3.3904906226172016     
   1.3500000000000010      -0.56825502462110633       0.89773833606841702        3.9365903815003516        3.4113611568221698     
   1.3600000000000010      -0.61590864893222907       0.86326953460838507        3.9185638441060435        3.4321364082070303     
   1.3700000000000010      -0.66151137815088490       0.82594980478076796        3.9004278605432208        3.4528157995434823     
   1.3800000000000010      -0.70489847864166910       0.78588508274361213        3.8821829408019868        3.4733987563029025     
   1.3900000000000010      -0.74590893038285244       0.74319012827273190        3.8638295978665642        3.4938847066718099     
   1.4000000000000010      -0.78438578440223905       0.69798861598038353        3.8453683477008100        3.5142730815672532     
   1.4100000000000010      -0.82017655596442729       0.65041322985206140        3.8267997092336552        3.5345633146521194     
   1.4200000000000010      -0.85313365706482280       0.60060575710314468        3.8081242043444714        3.5547548423503650     
   1.4300000000000010      -0.88311487164854274       0.54871717674573672        3.7893423578483620        3.5748471038621670     
   1.4400000000000011      -0.90998387676968617       0.49490773759042311        3.7704546974813802        3.5948395411789962     
   1.4500000000000011      -0.93361081262164192       0.43934701968836504        3.7514617538856725        3.6147315990986102     
   1.4600000000000011      -0.95387290398332347       0.38221397244939731        3.7323640605945494        3.6345227252399663     
   1.4700000000000011      -0.97065513511861934       0.32369692185830728        3.7131621540174824        3.6542123700580551     
   1.4800000000000011      -0.98385097951432532       0.26399353836521988        3.6938565734250277        3.6737999868586515     
   1.4900000000000011      -0.99336318502151710       0.20331075616321023        3.6744478609336775        3.6932850318129868     
   1.5000000000000011      -0.99910461395231220       0.14186463370934330        3.6549365614906391        3.7126669639723389     
   1.5100000000000011       -1.0009991364543744        7.9880144523982038E-002   3.6353232228585410        3.7319452452825401     
   1.5200000000000011      -0.99898257401740109        1.7590886555324207E-002   3.6156083956000686        3.7511193405984047     
   1.5300000000000011      -0.99300368824113916       -4.4761302231312326E-002   3.5957926330625267        3.7701887176980717     
   1.5400000000000011      -0.98302520800136062      -0.10692683483036108        3.5758764913623335        3.7891528472972684     
   1.5500000000000012      -0.96902488588598301      -0.16864898573707407        3.5558605293694416        3.8080112030634883     
   1.5600000000000012      -0.95099657224791900      -0.22966463393923425        3.5357453086916899        3.8267632616300866     
   1.5700000000000012      -0.92895129246028418      -0.28970515073251318        3.5155313936590851        3.8454085026102938     
   1.5800000000000012      -0.90291831000950418      -0.34849744372889857        3.4952193513080152        3.8639464086111430     
   1.5900000000000012      -0.87294615499296502      -0.40576516684449010        3.4748097513653922        3.8823764652473152     
   1.6000000000000012      -0.83910359449803107      -0.46123010380525126        3.4543031662327270        3.9006981611548985     
   1.6100000000000012      -0.80148051835642486      -0.51461372972360275        3.4337001709701362        3.9189109880050648     
   1.6200000000000012      -0.76018871105089092      -0.56563895152217469        3.4130013432802802        3.9370144405176588     
   1.6300000000000012      -0.71536247828784283      -0.61403202339153717        3.3922072634922356        3.9550080164747046     
   1.6400000000000012      -0.66715909515311289      -0.65952462808619805        3.3713185145452989        3.9728912167338244     
   1.6500000000000012      -0.61575904206702681      -0.70185610876059246        3.3503356819727252        3.9906635452415724     
   1.6600000000000013      -0.56136599518245434      -0.74077582936016040        3.3292593538854001        4.0083245090466830     
   1.6700000000000013      -0.50420653964444428      -0.77604563451801067        3.3080901209554452        4.0258736183132315     
   1.6800000000000013      -0.44452957743743676      -0.80744237274389385        3.2868285763997598        4.0433103863337090     
   1.6900000000000013      -0.38260540651280517      -0.83476043977705117        3.2654753159634970        4.0606343295420091     
   1.7000000000000013      -0.31872445456019971      -0.85781429271327914        3.2440309379034753        4.0778449675263300     
   1.7100000000000013      -0.25319565910046121      -0.87644088035179890        3.2224960429715268        4.0949418230419870     
   1.7200000000000013      -0.18634449535291053      -0.89050193159008384        3.2008712343977814        4.1119244220241375     
   1.7300000000000013      -0.11851066425131471      -0.89988604204736600        3.1791571178738880        4.1287922936004193     
   1.7400000000000013       -5.0045464607740217E-002 -0.90451049977346276        3.1573543015361727        4.1455449701034990     
   1.7500000000000013        1.8691114803391622E-002 -0.90432279414091910        3.1354633959487357        4.1621819870835344     
   1.7600000000000013        8.7333536183629712E-002 -0.89930175791849365        3.1134850140864847        4.1787028833205477     
   1.7700000000000014       0.15551402948932255      -0.88945830099935919        3.0914197713181086        4.1951072008367083     
   1.7800000000000014       0.22286601955995783      -0.87483570503515917        3.0692682853889885        4.2113944849085296     
   1.7900000000000014       0.28902759218922819      -0.85550946085043211        3.0470311764040496        4.2275642840789756     
   1.8000000000000014       0.35364492465457620      -0.83158664436558283        3.0247090668105510        4.2436161501694771     
   1.8100000000000014       0.41637560624731884      -0.80320484111079138        3.0023025813808175        4.2595496382918636     
   1.8200000000000014       0.47689177753128187      -0.77053064348222178        2.9798123471949109        4.2753643068602010     
   1.8300000000000014       0.53488302323950598      -0.73375775790005116        2.9572389936232422        4.2910597176025425     
   1.8400000000000014       0.59005896252594725      -0.69310477027602435        2.9345831523091253        4.3066354355725904     
   1.8500000000000014       0.64215149117970716      -0.64881262712175125        2.9118454571512737        4.3220910291612693     
   1.8600000000000014       0.69091664271891917      -0.60114189584065725        2.8890265442862382        4.3374260701082106     
   1.8700000000000014       0.73613604828455337      -0.55036987106029711        2.8661270520707869        4.3526401335131464     
   1.8800000000000014       0.77761798822744355      -0.49678759429492791        2.8431476210642308        4.3677327978472169     
   1.8900000000000015       0.81519804056083989      -0.44069685198383918        2.8200888940106910        4.3827036449641881     
   1.9000000000000015       0.84873934247817606      -0.38240721238408282        2.7969515158213119        4.3975522601115822     
   1.9100000000000015       0.87813249049185893      -0.32223315536997482        2.7737361335564183        4.4122782319417189     
   1.9200000000000015       0.90329511216690395      -0.26049134142851887        2.7504433964076207        4.4268811525226699     
   1.9300000000000015       0.92417114778814202      -0.19749805757458144        2.7270739556798640        4.4413606173491251     
   1.9400000000000015       0.94072988363413867      -0.13356686904862547        2.7036284647734261        4.4557162253531715     
   1.9500000000000015       0.95296477997145856       -6.9006496949486351E-002   2.6801075791658651        4.4699475789149856     
   1.9600000000000015       0.96089213665095630       -4.1189337606199307E-003   2.6565119563939139        4.4840542838734390     
   1.9700000000000015       0.96454963755930856        6.0802198674980212E-002   2.6328422560353282        4.4980359495366145     
   1.9800000000000015       0.96399481245570884       0.12547305060572553        2.6090991396906840        4.5118921886922374     
   1.9900000000000015       0.95930345120832239       0.18962071248164175        2.5852832709651290        4.5256226176180183     
   2.0000000000000013       0.95056800142234177       0.25298416122168682        2.5613953154500884        4.5392268560919078     
   2.0100000000000011       0.93789597617413167       0.31531499934175827        2.5374359407049258        4.5527045274022626     
   2.0200000000000009       0.92140839424700116       0.37637800387378334        2.5134058162385617        4.5660552583579230     
   2.0300000000000007       0.90123827107341237       0.43595150336329230        2.4893056134910490        4.5792786792981968     
   2.0400000000000005       0.87752917465297620       0.49382760184549124        2.4651360058151077        4.5923744241027542     
   2.0500000000000003       0.85043385712282660       0.54981226869898603        2.4408976684576205        4.6053421302014268     
   2.0600000000000001       0.82011296945954171       0.60372531278999442        2.4165912785410875        4.6181814385839104     
   2.0699999999999998       0.78673386401329803       0.65540025846728789        2.3922175150450440        4.6308919938093718     
   2.0799999999999996       0.75046948721592455       0.70468413985569844        2.3677770587874387        4.6434734440159531     
   2.0899999999999994       0.71149736284813547       0.75143722861552864        2.3432705924059736        4.6559254409301731     
   2.0999999999999992       0.66999866466843316       0.79553270896295381        2.3186988003394040        4.6682476398762267     
   2.1099999999999990       0.62615737596021936       0.83685631234387892        2.2940623688087998        4.6804396997851727     
   2.1199999999999988       0.58015953260368325       0.87530592276822705        2.2693619857987652        4.6925012832040167     
   2.1299999999999986       0.53219254558303519       0.91079116247851166        2.2445983410386177        4.7044320563046789     
   2.1399999999999983       0.48244459835661729       0.94323296637043574        2.2197721259835208        4.7162316888928535     
   2.1499999999999981       0.43110411420891848       0.97256315242005198        2.1948840337955753        4.7278998544167532     
   2.1599999999999979       0.37835928853470652       0.99872399431051428        2.1699347593248617        4.7394362299757411     
   2.1699999999999977       0.32439768094567190        1.0216678014949316        2.1449249990904353        4.7508404963288493     
   2.1799999999999975       0.26940586211281720        1.0413565110794050        2.1198554512612731        4.7621123379031856     
   2.1899999999999973       0.21356911034125475        1.0577612951580559        2.0947268156371708        4.7732514428022288     
   2.1999999999999971       0.15707115300001301        1.0708621865737313        2.0695397936295890        4.7842575028140137     
   2.2099999999999969       0.10009394808338230        1.0806477255067453        2.0442950882424493        4.7951302134192106     
   2.2199999999999966        4.2817501350802714E-002   1.0871146288014077        2.0189934040528805        4.8058692737990967     
   2.2299999999999964       -1.4580285329597761E-002   1.0902674835178059        1.9936354471919147        4.8164743868434234     
   2.2399999999999962       -7.1923738629837086E-002   1.0901184658359915        1.9682219253251341        4.8269452591581832     
   2.2499999999999960      -0.12903951542496414        1.0866870861332814        1.9427535476332716        4.8372816010732747     
   2.2599999999999958      -0.18575668532595718        1.0799999607950788        1.9172310247927642        4.8474831266500713     
   2.2699999999999956      -0.24190679778473462        1.0700906110982240        1.8916550689562628        4.8575495536888900     
   2.2799999999999954      -0.29732393733395784        1.0569992893165991        1.8660263937330981        4.8674806037363672     
   2.2899999999999952      -0.35184477040145667        1.0407728320352234        1.8403457141697066        4.8772760020927377     
   2.2999999999999949      -0.40530858703459821        1.0214645405154568        1.8146137467300163        4.8869354778190202     
   2.3099999999999947      -0.45755734078522087       0.99913408782455471        1.7888312092757954        4.8964587637441070     
   2.3199999999999945      -0.50843568994206612       0.97384745232229930        1.7629988210469647        4.9058455964717620     
   2.3299999999999943      -0.55779104325587503       0.94567687698048908        1.7371173026418754        4.9150957163875244     
   2.3399999999999941      -0.60547361328308102       0.91470085389244338        1.7111873759975536        4.9242088676655174     
   2.3499999999999939      -0.65133648047756620       0.88100413320401483        1.6852097643699131        4.9331847982751622     
   2.3599999999999937      -0.69523567118607776       0.84467775555938041        1.6591851923139367        4.9420232599877982     
   2.3699999999999934      -0.73703025275092893       0.80581910699829562        1.6331143856638279        4.9507240083832054     
   2.3799999999999932      -0.77658244899223206       0.76453199506040470        1.6069980715131336        4.9592868028560337     
   2.3899999999999930      -0.81375777942907956       0.72092674464004569        1.5808369781948375        4.9677114066221320     
   2.3999999999999928      -0.84842522570184342       0.67512031188477128        1.5546318352614268        4.9759975867247830     
   2.4099999999999926      -0.88045742877205524       0.62723641413504105        1.5283833734649310        4.9841451140408370     
   2.4199999999999924      -0.90973092059676464       0.57740567355329031        1.5020923247369344        4.9921537632867494     
   2.4299999999999922      -0.93612639409385268       0.52576577167950300        1.4757594221685615        5.0000233130245171     
   2.4399999999999920      -0.95952901532455892       0.47246161166887829        1.4493853999904374        5.0077535456675166     
   2.4499999999999917      -0.97982878190821066       0.41764548440645111        1.4229709935526222        5.0153442474862411     
   2.4599999999999915      -0.99692093173784069       0.36147723404506982        1.3965169393045209        5.0227952086139362     
   2.4699999999999913       -1.0107064060668804       0.30412441776902333        1.3700239747747676        5.0301062230521367     
   2.4799999999999911       -1.0210923709655984       0.24576245373910693        1.3434928385510854        5.0372770886760989     
   2.4899999999999909       -1.0279928009764920       0.18657475022125100        1.3169242702601229        5.0443076072401336     
   2.4999999999999907       -1.0313291285009587       0.12675280783821041        1.2903190105472664        5.0511975843828338     
   2.5099999999999905       -1.0310309619909608        6.6496285714691489E-002   1.2636778010564282        5.0579468296322032     
   2.5199999999999902       -1.0270368753597854        6.0130210190010294E-003   1.2370013844098133        5.0645551564106803     
   2.5299999999999900       -1.0192952701212998       -5.4481009945040362E-002   1.2102905041876613        5.0710223820400584     
   2.5399999999999898       -1.0077653105690538      -0.11476180234738108        1.1835459049079677        5.0773483277463045     
   2.5499999999999896      -0.99241793076390272      -0.17459751981588759        1.1567683320061826        5.0835328186642732     
   2.5599999999999894      -0.97323691015926739      -0.23374879385390662        1.1299585318148870        5.0895756838423170     
   2.5699999999999892      -0.95022001230645714      -0.29196914302458882        1.1031172515434500        5.0954767562467929     
   2.5799999999999890      -0.92338017820475227      -0.34900553030614928        1.0762452392576625        5.1012358727664662     
   2.5899999999999888      -0.89274676246031659      -0.40459907777180454        1.0493432438593528        5.1068528742168082     
   2.5999999999999885      -0.85836679648210812      -0.45848595803453596        1.0224120150659814        5.1123276053441913     
   2.6099999999999883      -0.82030625848791139      -0.51039848155409984       0.99545230339021595        5.1176599148299777     
   2.6199999999999881      -0.77865132517464353      -0.56006639774473177       0.96846486011948774        5.1228496552945062     
   2.6299999999999879      -0.73350957463006772      -0.60721842564502271       0.94145043729552957        5.1278966833009720     
   2.6399999999999877      -0.68501110459629710      -0.65158402651090352       0.91440978769389525        5.1328008593592038     
   2.6499999999999875      -0.63330952478029556      -0.69289542587530784       0.88734366480346138        5.1375620479293342     
   2.6599999999999873      -0.57858277686469883      -0.73088988622485396       0.86025282280591220        5.1421801174253670     
   2.6699999999999871      -0.52103373160763944      -0.76531222337766258       0.83313801655520758        5.1466549402186379     
   2.6799999999999868      -0.46089050941231735      -0.79591754990434083       0.80600000155703477        5.1509863926411708     
   2.6899999999999866      -0.39840646953256920      -0.82247421764247797       0.77883953394824423        5.1551743549889295     
   2.6999999999999864      -0.33385981422137723      -0.84476691880253918       0.75165737047627046        5.1592187115249644     
   2.7099999999999862      -0.26755275816399471      -0.86259989182786578       0.72445426847853767        5.1631193504824529     
   2.7199999999999860      -0.19981022091940637      -0.87580016473394395       0.69723098586185139        5.1668761640676344     
   2.7299999999999858      -0.13097801111665908      -0.88422075598696126       0.66998828108177610        5.1704890484626427     
   2.7399999999999856       -6.1420485871311763E-002 -0.88774374212255769       0.64272691312199914        5.1739579038282297     
   2.7499999999999853        8.4823129536421588E-003 -0.88628309337745137       0.61544764147368225        5.1772826343063851     
   2.7599999999999851        7.8338023037131443E-002 -0.87978717472556200       0.58815122611480020        5.1804631480228513     
   2.7699999999999849       0.14774578103147867      -0.86824081085805704       0.56083842748946744        5.1834993570895334     
   2.7799999999999847       0.21630042845470551      -0.85166682053103493       0.53351000648725333        5.1863911776068026     
   2.7899999999999845       0.28359701323901415      -0.83012693862519960       0.50616672442248600        5.1891385296656942     
   2.7999999999999843       0.34923547690738194      -0.80372206300629068       0.47880934301354583        5.1917413373500008     
   2.8099999999999841       0.41282540272703078      -0.77259178706570486       0.45143862436214827        5.1941995287382614     
   2.8199999999999839       0.47399069161528040      -0.73691320633294166       0.42405533093261710        5.1965130359056433     
   2.8299999999999836       0.53237403105808290      -0.69689901700871781       0.39666022553114810        5.1986817949257205     
   2.8399999999999834       0.58764102826191245      -0.65279495360855400       0.36925407128506371        5.2007057458721446     
   2.8499999999999832       0.63948389194379973      -0.60487664000323094       0.34183763162205910        5.2025848328202127     
   2.8599999999999830       0.68762456665940375      -0.55344595103664374       0.31441167024943989        5.2043190038483296     
   2.8699999999999828       0.73181724789895508      -0.49882699902371092       0.28697695113335214        5.2059082110393637     
   2.8799999999999826       0.77185023347786608      -0.44136186976571834       0.25953423847800478        5.2073524104819011     
   2.8899999999999824       0.80754709497098809      -0.38140623589441380       0.23208429670488484        5.2086515622713918     
   2.8999999999999821       0.83876718009925877      -0.31932497163829177       0.20462789043196619        5.2098056305111919     
   2.9099999999999819       0.86540548134480744      -0.25548788332514877       0.17716578445291167        5.2108145833135024     
   2.9199999999999817       0.88739192632422026      -0.19026565534331555       0.14969874371626937        5.2116783928002022     
   2.9299999999999815       0.90469016076028619      -0.12402609337183068       0.12222753330466321        5.2123970351035771     
   2.9399999999999813       0.91729590493581170       -5.7130727011617782E-002   9.4752918413978343E-002   5.2129704903669456     
   2.9499999999999811       0.92523496942209194        1.0068186036207089E-002   6.7275664332541674E-002   5.2133987427451807     
   2.9599999999999809       0.92856101614904596        7.7230231149888515E-002   3.9796536420297950E-002   5.2136817804051274     
   2.9699999999999807       0.92735314727657570       0.14402897739179565        1.2316300087981820E-002   5.2138195955259192     
   2.9799999999999804       0.92171339772611649       0.21015369624081895       -1.5164279223713644E-002   5.2138121842991882     
   2.9899999999999802       0.91176419855720570       0.27531067892754885       -4.2644436064971508E-002   5.2136595469291764     
   2.9999999999999800       0.89764586849307970       0.33922418168643909       -7.0123404997688044E-002   5.2133616876327435     
   3.0099999999999798       0.87951418056815800       0.40163703428116476       -9.7600420616311759E-002   5.2129186146392730     
   3.0199999999999796       0.85753804070208595       0.46231095068777006      -0.12507471756868371        5.2123303401904781     
   3.0299999999999794       0.83189730545937035       0.52102658220679876      -0.15254553057687839        5.2115968805401058     
   3.0399999999999792       0.80278075764235135       0.57758335293047591      -0.18001209445804425        5.2107182559535419     
   3.0499999999999790       0.77038425086930751       0.63179911582311998      -0.20747364414524330        5.2096944907073146     
   3.0599999999999787       0.73490902798207647       0.68350966506231592      -0.23492941470828838        5.2085256130885016     
   3.0699999999999785       0.69656021299895765       0.73256813706869472      -0.26237864137457734        5.2072116553940333     
   3.0799999999999783       0.65554547231008575       0.77884432910237977      -0.28982055954992270        5.2057526539299026     
   3.0899999999999781       0.61207383779720625       0.82222396064662417      -0.31725440483937573        5.2041486490102695     
   3.0999999999999779       0.56635468242048770       0.86260789920250047      -0.34467941306804345        5.2023996849564718     
   3.1099999999999777       0.51859683741707252       0.89991136870337740      -0.37209482030189722        5.2005058100959314     
   3.1199999999999775       0.46900783946730767       0.93406315560422593      -0.39949986286857153        5.1984670767609638     
   3.1299999999999772       0.41779329588168107       0.96500482485526384      -0.42689377737815126        5.1962835412874844     
   3.1399999999999770       0.36515635593376655       0.99268995545293182      -0.45427580074394647        5.1939552640136135     
   3.1499999999999768       0.31129727681578662        1.0170834030752083      -0.48164517020325298        5.1914823092781779     
   3.1599999999999766       0.25641307324243601        1.0381605954406128      -0.50900112333809777        5.1888647454191066     
   3.1699999999999764       0.20069724040830839        1.0559068644595808      -0.53634289809596825        5.1861026447717204     
   3.1799999999999762       0.14433954076061631        1.0703168179463984      -0.56366973281052390        5.1831960836669149     
   3.1899999999999760        8.7525845839399444E-002   1.0813937526000448      -0.59098086622229096        5.1801451424292315     
   3.1999999999999758        3.0438025229493813E-002   1.0891491091129266      -0.61827553749933850        5.1769499053748183     
   3.2099999999999755       -2.6746124562072475E-002   1.0936019695982233      -0.64555298625793656        5.1736104608092743     
   3.2199999999999753       -8.3852917760284723E-002   1.0947785970117532      -0.67281245258319655        5.1701269010253830     
   3.2299999999999751      -0.14071278928760406        1.0927120158576276      -0.70005317704969405        5.1664993223007265     
   3.2399999999999749      -0.19716028220233109        1.0874416331858086      -0.72727440074207494        5.1627278248951844     
   3.2499999999999747      -0.25303401721682622        1.0790128986940799      -0.75447536527564552        5.1588125130483116     
   3.2599999999999745      -0.30817664841247633        1.0674770026195890      -0.78165531281694756        5.1547534949766014     
   3.2699999999999743      -0.36243480884215729        1.0528906100312057      -0.80881348610431958        5.1505508828706290     
   3.2799999999999740      -0.41565904934659009        1.0353156301009181      -0.83594912846844471        5.1462047928920773     
   3.2899999999999738      -0.46770377360529408        1.0148190189297552      -0.86306148385288650        5.1417153451706445     
   3.2999999999999736      -0.51842717219206558       0.99147261452238911      -0.89014979683461326        5.1370826638008387     
   3.3099999999999734      -0.56769115820500693       0.96535300253712475      -0.91721331264451123        5.1323068768386566     
   3.3199999999999732      -0.61536130688799040       0.93654141147804171      -0.94425127718788737        5.1273881162981496     
   3.3299999999999730      -0.66130680155007848       0.90512363603809609      -0.97126293706496147        5.1223265181478794     
   3.3399999999999728      -0.70540038801811167       0.87118998734113795      -0.99824753959134782        5.1171222223072643     
   3.3499999999999726      -0.74751833982202986       0.83483526886260018       -1.0252043328185256        5.1117753726428159     
   3.3599999999999723      -0.78754043630950199       0.79615877682886149       -1.0521325655542983        5.1062861169642737     
   3.3699999999999721      -0.82534995591344718       0.75526432389985976       -1.0790314873832398        5.1006546070206324     
   3.3799999999999719      -0.86083368685070338       0.71226028492424587       -1.1059003486871286        5.0948809984960670     
   3.3899999999999717      -0.89388195761030442       0.66725966351684030       -1.1327384006653669        5.0889654510057554     
   3.3999999999999715      -0.92438868969353771       0.62038017813967494       -1.1595448953553855        5.0829081280916020     
   3.4099999999999713      -0.95225147519306708       0.57174436626533454       -1.1863190856530312        5.0767091972178600     
   3.4199999999999711      -0.97737168194255708       0.52147970505896424       -1.2130602253329377        5.0703688297666547     
   3.4299999999999708      -0.99965458912857452       0.46971874682687098       -1.2397675690688770        5.0638872010334071     
   3.4399999999999706       -1.0190095564294641       0.41659926723808222       -1.2664403724540922        5.0572644902221597     
   3.4499999999999704       -1.0353502299267292       0.36226442402275560       -1.2930778920216091        5.0505008804408051     
   3.4599999999999702       -1.0485947882171014       0.30686292347939020       -1.3196793852645250        5.0435965586962137     
   3.4699999999999700       -1.0586662323300344       0.25054919167207279       -1.3462441106562764        5.0365517158892654     
   3.4799999999999698       -1.0654927232155509       0.19348354665956574       -1.3727713276708813        5.0293665468097819     
   3.4899999999999696       -1.0690079706981126       0.13583236745953231       -1.3992602968031582        5.0220412501313616     
   3.4999999999999694       -1.0691516778768748        7.7768254703130077E-002  -1.4257102795889194        5.0145760284061138     
   3.5099999999999691       -1.0658700449705780        1.9470177067507165E-002  -1.4521205386251370        5.0069710880592959     
   3.5199999999999689       -1.0591163365307701       -3.8876403422543740E-002  -1.4784903375900842        4.9992266393838500     
   3.5299999999999687       -1.0488515157487397       -9.7079435264213518E-002  -1.5048189412634470        4.9913428965348423     
   3.5399999999999685       -1.0350449492217919      -0.15494021982849290       -1.5311056155464089        4.9833200775237998     
   3.5499999999999683       -1.0176751849786176      -0.21225340291243178       -1.5573496274817071        4.9751584042129497     
   3.5599999999999681      -0.99673080573940864      -0.26880702774492238       -1.5835502452736583        4.9668581023093585     
   3.5699999999999679      -0.97221135824449212      -0.32438266334164334       -1.6097067383081556        4.9584194013589711     
   3.5799999999999677      -0.94412835795918248      -0.37875562382155570       -1.6358183771726349        4.9498425347405490     
   3.5899999999999674      -0.91250636648036620      -0.43169529603694906       -1.6618844336760101        4.9411277396595077     
   3.5999999999999672      -0.87738413645733271      -0.48296559455776139       -1.6879041808685777        4.9322752571416553     
   3.6099999999999670      -0.83881581572224995      -0.53232556458772240       -1.7138768930618891        4.9232853320268291     
   3.6199999999999668      -0.79687219853895030      -0.57953015464160429       -1.7398018458485902        4.9141582129624322     
   3.6299999999999666      -0.75164200737350695      -0.62433118160985168       -1.7656783161222294        4.9048941523968690     
   3.6399999999999664      -0.70323318334609775      -0.66647851097014410       -1.7915055820970314        4.8954934065728821     
   3.6499999999999662      -0.65177415756402823      -0.70572147412655706       -1.8172829233276382        4.8859562355207853     
   3.6599999999999659      -0.59741506894517515      -0.74181054288194681       -1.8430096207288154        4.8762829030515977     
   3.6699999999999657      -0.54032888708607951      -0.77449927756848080       -1.8686849565951240        4.8664736767500791     
   3.6799999999999655      -0.48071239147919931      -0.80354656005791147       -1.8943082146205577        4.8565288279676606     
   3.6899999999999653      -0.41878695133193117      -0.82871911545087718       -1.9198786799181435        4.8464486318152789     
   3.6999999999999651      -0.35479904391536249      -0.84979431646685721       -1.9453956390395086        4.8362333671561082     
   3.7099999999999649      -0.28902044444323438      -0.86656325229804387       -1.9708583799944084        4.8258833165981914     
   3.7199999999999647      -0.22174801774846251      -0.87883402899766205       -1.9962661922702192        4.8153987664869735     
   3.7299999999999645      -0.15330304237364020      -0.88643525162993497       -2.0216183668513938        4.8047800068977331     
   3.7399999999999642       -8.4030002036061938E-002 -0.88921961999856658       -2.0469141962388782        4.7940273316279134     
   3.7499999999999640       -1.4294788606814898E-002 -0.88706755072361121       -2.0721529744694909        4.7831410381893562     
   3.7599999999999638        5.5517724604019908E-002 -0.87989072004588365       -2.0973339971352645        4.7721214278004354     
   3.7699999999999636       0.12500676005026184      -0.86763540562738362       -2.1224565614027462        4.7609688053780888     
   3.7799999999999634       0.19375935847565962      -0.85028549364598094       -2.1475199660322599        4.7496834795297547     
   3.7899999999999632       0.26135471094222407      -0.82786501158558479       -2.1725235113971295        4.7382657625452058     
   3.7999999999999630       0.32736903074164975      -0.80044004907423383       -2.1974664995028599        4.7267159703882875     
   3.8099999999999627       0.39138086087192148      -0.76811994026405217       -2.2223482340062786        4.7150344226885554     
   3.8199999999999625       0.45297667995950031      -0.73105760220579674       -2.2471680202346360        4.7032214427328158     
   3.8299999999999623       0.51175664169912960      -0.68944895412208695       -2.2719251652046637        4.6912773574565678     
   3.8399999999999621       0.56734026310280228      -0.64353138101740626       -2.2966189776415904        4.6792024974353454     
   3.8499999999999619       0.61937186765033247      -0.59358124920263622       -2.3212487679981173        4.6669971968759665     
   3.8599999999999617       0.66752559248200005      -0.53991052770844761       -2.3458138484733486        4.6546617936076791     
   3.8699999999999615       0.71150978453276026      -0.48286261435638872       -2.3703135330316805        4.6421966290732133     
   3.8799999999999613       0.75107063808999364      -0.42280750455842803       -2.3947471374216454        4.6296020483197351     
   3.8899999999999610       0.78599496348132269      -0.36013647131702720       -2.4191139791947132        4.6168783999897043     
   3.8999999999999608       0.81611202025506946      -0.29525644392769101       -2.4434133777240477        4.6040260363116330     
   3.9099999999999606       0.84129439449022481      -0.22858427931988806       -2.4676446542232178        4.5910453130907509     
   3.9199999999999604       0.86145794485745797      -0.16054111394121370       -2.4918071317648649        4.5779365896995712     
   3.9299999999999602       0.87656088223977158       -9.1546966978094321E-002  -2.5159001352993235        4.5647002290683600     
   3.9399999999999600       0.88660208039770838       -2.2015739872649112E-002  -2.5399229916731967        4.5513365976755136     
   3.9499999999999598       0.89161873864821906        4.7649274518591613E-002  -2.5638750296478849        4.5378460655378356     
   3.9599999999999596       0.89168353122871602       0.11705929406888217       -2.5877555799180687        4.5242290062007191     
   3.9699999999999593       0.88690138234034954       0.18584331585333200       -2.6115639751301436        4.5104857967282355     
   3.9799999999999591       0.87740600198506868       0.25365073745658701       -2.6352995499006084        4.4966168176931252     
   3.9899999999999589       0.86335630730900736       0.32015334478403396       -2.6589616408344061        4.4826224531666954     
   3.9999999999999587       0.84493283914192518       0.38504670186251355       -2.6825495865432161        4.4685030907086221     
   4.0099999999999589       0.82233426566089951       0.44805099422575323       -2.7060627276636979        4.4542591213566576     
   4.0199999999999587       0.79577404628848603       0.50891138804870872       -2.7295004068756881        4.4398909396162445     
   4.0299999999999585       0.76547731043325884       0.56739797277927706       -2.7528619689203455        4.4253989434500358     
   4.0399999999999583       0.73167798851014743       0.62330535640695861       -2.7761467606182504        4.4107835342673214     
   4.0499999999999581       0.69461621750477731       0.67645198060009004       -2.7993541308874517        4.3960451169133608     
   4.0599999999999579       0.65453603052500997       0.72667921862793683       -2.8224834307614661        4.3811840996586255     
   4.0699999999999577       0.61168332941742543       0.77385031307756480       -2.8455340134072267        4.3662008941879478     
   4.0799999999999574       0.56630413153340886       0.81784920357586666       -2.8685052341429809        4.3510959155895774     
   4.0899999999999572       0.51864307590081449       0.85857928759536539       -2.8913964504561389        4.3358695823441487     
   4.0999999999999570       0.46894217011320172       0.89596215038226457       -2.9142070220210701        4.3205223163135580     
   4.1099999999999568       0.41743975687987489       0.92993629339505235       -2.9369363107168485        4.3050545427297502     
   4.1199999999999566       0.36436967807764581       0.96045588457302344       -2.9595836806449465        4.2894666901834162     
   4.1299999999999564       0.30996061402158864       0.98748954837120806       -2.9821484981468758        4.2737591906126031     
   4.1399999999999562       0.25443557627208341        1.0110192088403289       -3.0046301318217763        4.2579324792912363     
   4.1499999999999559       0.19801153340230215        1.0310389950890066       -3.0270279525439503        4.2419869948175544     
   4.1599999999999557       0.14089915058608146        1.0475542152000590       -3.0493413334803430        4.2259231791024581     
   4.1699999999999555        8.3302625489695331E-002   1.0605804020235201       -3.0715696501079672        4.2097414773577739     
   4.1799999999999553        2.5419604654100262E-002   1.0701424321661164       -3.0937122802312720        4.1934423380844326     
   4.1899999999999551       -3.2558833743356989E-002   1.0762737178674979       -3.1157686039994528        4.1770262130605618     
   4.1999999999999549       -9.0448143213797849E-002   1.0790154702262931       -3.1377380039237046        4.1604935573294961     
   4.2099999999999547      -0.14807022928479002        1.0784160313474036       -3.1596198648944132        4.1438448291877030     
   4.2199999999999545      -0.20525333631748299        1.0745302723656012       -3.1814135741982845        4.1270804901726228     
   4.2299999999999542      -0.26183190899977049        1.0674190539061785       -3.2031185215354125        4.1102010050504285     
   4.2399999999999540      -0.31764643553880179        1.0571487453250930       -3.2247340990362798        4.0932068418036973     
   4.2499999999999538      -0.37254327854677899        1.0437907989895021       -3.2462597012786936        4.0760984716189999     
   4.2599999999999536      -0.42637449871345479        1.0274213758819157       -3.2676947253046529        4.0588763688744036     
   4.2699999999999534      -0.47899767557938139        1.0081210189100598       -3.2890385706371457        4.0415410111268901     
   4.2799999999999532      -0.53027572905673792       0.98597437045753911       -3.3102906392968756        4.0240928790996850     
   4.2899999999999530      -0.58007674477993065       0.96106993089925352       -3.3314503358189169        4.0065324566694995     
   4.2999999999999527      -0.62827380589658233       0.93349985501554444       -3.3525170672692952        3.9888602308536836     
   4.3099999999999525      -0.67474483352184800       0.90335978345845624       -3.3734902432614948        3.9710766917972879     
   4.3199999999999523      -0.71937243776665460       0.87074870664294413       -3.3943692759728923        3.9531823327600342     
   4.3299999999999521      -0.76204378100560410       0.83576885864799488       -3.4151535801611144        3.9351776501031925     
   4.3399999999999519      -0.80265045486579667       0.79852563891169304       -3.4358425731803224        3.9170631432763665     
   4.3499999999999517      -0.84108837228733124       0.75912755968578305       -3.4564356749974219        3.8988393148041824     
   4.3599999999999515      -0.87725767592400272       0.71768621737574445       -3.4769323082081991        3.8805066702728843     
   4.3699999999999513      -0.91106266411361891       0.67431628602902238       -3.4973318980533841        3.8620657183168334     
   4.3799999999999510      -0.94241173564678893       0.62913553134454536       -3.5176338724346423        3.8435169706049139     
   4.3899999999999508      -0.97121735459680913       0.58226484365897890       -3.5378376619304950        3.8248609418268429     
   4.3999999999999506      -0.99739603653754483       0.53382828841735186       -3.5579426998121697        3.8060981496793862     
   4.4099999999999504       -1.0208683575673891       0.48395317265568671       -3.5779484220593809        3.7872291148524821     
   4.4199999999999502       -1.0415589876720386       0.43277012600873238       -3.5978542673760434        3.7682543610152726     
   4.4299999999999500       -1.0593967500935821       0.38041319470409113       -3.6176596772059177        3.7491744148020434     
   4.4399999999999498       -1.0743147085248173       0.32701994691166353       -3.6373640957481879        3.7299898057980752     
   4.4499999999999496       -1.0862502841121116       0.27273158768047817       -3.6569669699729737        3.7107010665254063     
   4.4599999999999493       -1.0951454044234721       0.21769308150897121       -3.6764677496367764        3.6913087324285101     
   4.4699999999999491       -1.1009466867160751       0.16205328035420169       -3.6958658872978578        3.6718133418598868     
   4.4799999999999489       -1.1036056580137628       0.10596505458409332       -3.7151608383315535        3.6522154360655716     
   4.4899999999999487       -1.1030790146731089        4.9585424007559407E-002  -3.7343520609455196        3.6325155591705616     
   4.4999999999999485       -1.0993289242681472       -6.9243143274475326E-003  -3.7534390161949109        3.6127142581641611     
   4.5099999999999483       -1.0923233727481929       -6.3398465406641111E-002  -3.7724211679974942        3.5928120828852488     
   4.5199999999999481       -1.0820365599072099      -0.11966682705284488       -3.7912979831486902        3.5728095860074647     
   4.5299999999999478       -1.0684493462304738      -0.17555459744272581       -3.8100689313365490        3.5527073230243209     
   4.5399999999999476       -1.0515497541345571      -0.23088230535137058       -3.8287334851566550        3.5325058522342356     
   4.5499999999999474       -1.0313335264650099      -0.28546577008763391       -3.8472911201269606        3.5122057347254896     
   4.5599999999999472       -1.0078047448322682      -0.33911609915265561       -3.8657413147025497        3.4918075343611092     
   4.5699999999999470      -0.98097650991399121      -0.39163973284567316       -3.8840835502903270        3.4713118177636737     
   4.5799999999999468      -0.95087168518823439      -0.44283854635113623       -3.9023173112636376        3.4507191543000477     
   4.5899999999999466      -0.91752370463660626      -0.49251002125754129       -3.9204420849768082        3.4300301160660394     
   4.5999999999999464      -0.88097744371270181      -0.54044749995944297       -3.9384573617796184        3.4092452778709856     
   4.6099999999999461      -0.84129015124500739      -0.58644053794418227       -3.9563626350316921        3.3883652172222631     
   4.6199999999999459      -0.79853243786627426      -0.63027537051072269       -3.9741574011168161        3.3673905143097262     
   4.6299999999999457      -0.75278931396162507      -0.67173551193404812       -3.9918411594571808        3.3463217519900708     
   4.6399999999999455      -0.70416126693554448      -0.71060250637204281       -4.0094134125275414        3.3251595157711256     
   4.6499999999999453      -0.65276536375147576      -0.74665685077750565       -4.0268736658693030        3.3039043937960710     
   4.6599999999999451      -0.59873636015189247      -0.77967911055393102       -4.0442214281045272        3.2825569768275851     
   4.6699999999999449      -0.54222779270517185      -0.80945124846774918       -4.0614562109498582        3.2611178582319154     
   4.6799999999999446      -0.48341302387637647      -0.83575818614885511       -4.0785775292303681        3.2395876339628811     
   4.6899999999999444      -0.42248620377328577      -0.85838961508506328       -4.0955849008933241        3.2179669025458009     
   4.6999999999999442      -0.35966310525269812      -0.87714207002641797       -4.1124778470218715        3.1962562650613493     
   4.7099999999999440      -0.29518178196922756      -0.89182127183416005       -4.1292558918486391        3.1744563251293410     
   4.7199999999999438      -0.22930299212395039      -0.90224473872783928       -4.1459185627692596        3.1525676888924443     
   4.7299999999999436      -0.16231032468526277      -0.90824465435450841       -4.1624653903558082        3.1305909649998225     
   4.7399999999999434       -9.4509960425353715E-002 -0.90967096799381308       -4.1788959083701593        3.1085267645907040     
   4.7499999999999432       -2.6229998102168868E-002 -0.90639468657275202       -4.1952096537772592        3.0863757012778823     
   4.7599999999999429        4.2180722515323031E-002 -0.89831130030245665       -4.2114061667583149        3.0641383911311446     
   4.7699999999999427       0.11035436332840873      -0.88534426430687019       -4.2274849907238998        3.0418154526606309     
   4.7799999999999425       0.17790644777772599      -0.86744843862104937       -4.2434456723269758        3.0194075068001225     
   4.7899999999999423       0.24443887228200473      -0.84461336984372470       -4.2592877614758269        2.9969151768902615     
   4.7999999999999421       0.30954358017611627      -0.81686628137338479       -4.2750108113469114        2.9743390886617003     
   4.8099999999999419       0.37280687952953384      -0.78427462766686240       -4.2906143783976285        2.9516798702181823     
   4.8199999999999417       0.43381435157945214      -0.74694806356245624       -4.3060980223789960        2.9289381520195548     
   4.8299999999999415       0.49215625860796064      -0.70503968446187337       -4.3214613063482457        2.9061145668647126     
   4.8399999999999412       0.54743332160498570      -0.65874640861309275       -4.3367037966813298        2.8832097498744749     
   4.8499999999999410       0.59926270234636725      -0.60830839956134475       -4.3518250630853421        2.8602243384743931     
   4.8599999999999408       0.64728399530826486      -0.55400746454849192       -4.3668246786108513        2.8371589723774937     
   4.8699999999999406       0.69116501577987144      -0.49616441140169826       -4.3817022196641480        2.8140142935669528     
   4.8799999999999404       0.73060716464725228      -0.43513539908421450       -4.3964572660194019        2.7907909462787046     
   4.8899999999999402       0.76535015946828633      -0.37130737132355623       -4.4110894008307335        2.7674895769839845     
   4.8999999999999400       0.79517594594224161      -0.30509271371764385       -4.4255982106441962        2.7441108343718064     
   4.9099999999999397       0.81991164224218238      -0.23692331761263868       -4.4399832854096708        2.7206553693313742     
   4.9199999999999395       0.83943141780970865      -0.16724426473333084       -4.4542442184926712        2.6971238349344295     
   4.9299999999999393       0.85365726371901740       -9.6507362236683061E-002  -4.4683806066860585        2.6735168864175338     
   4.9399999999999391       0.86255866853929708       -2.5164757474020496E-002  -4.4823920502216676        2.6498351811642871     
   4.9499999999999389       0.86615126673641085        4.6337153973015244E-002  -4.4962781527818452        2.6260793786874825     
   4.9599999999999387       0.86449457174099920       0.11756334211260884       -4.5100385215108938        2.6022501406111984     
   4.9699999999999385       0.85768893977433969       0.18809513147641210       -4.5236727670264294        2.5783481306528260     
   4.9799999999999383       0.84587193175869591       0.25753446183999229       -4.5371805034306441        2.5543740146050351     
   4.9899999999999380       0.82921424903766905       0.32550736195855612       -4.5505613483214802        2.5303284603176777     
   4.9999999999999378       0.80791541537225042       0.39166661959426941       -4.5638149228037124        2.5062121376796282     
   5.0099999999999376       0.78219936486291719       0.45569366785470206       -4.5769408514999368        2.4820257186005645     
   5.0199999999999374       0.75231007568621489       0.51729973751264313       -4.5899387625614683        2.4577698769926859     
   5.0299999999999372       0.71850736554366568       0.57622634674653639       -4.6028082876791458        2.4334452887523708     
   5.0399999999999370       0.68106293900963966       0.63224521369844844       -4.6155490620940443        2.4090526317417740     
   5.0499999999999368       0.64025675161910456       0.68515768410959588       -4.6281607246080938        2.3845925857703643     
   5.0599999999999365       0.59637373211555067       0.73479376718949729       -4.6406429175946053        2.3600658325764012     
   5.0699999999999363       0.54970088380388749       0.78101086912323980       -4.6529952870087037        2.3354730558083547     
   5.0799999999999361       0.50052476895529152       0.82369230655653192       -4.6652174823976642        2.3108149410062637     
   5.0899999999999359       0.44912936682604249       0.86274567324393636       -4.6773091569111580        2.2860921755830383     
   5.0999999999999357       0.39579428592236449       0.89810112284029242       -4.6892699673114029        2.2613054488057029     
   5.1099999999999355       0.34079330431812183       0.92970962037962634       -4.7010995739832202        2.2364554517765822     
   5.1199999999999353       0.28439320765679010       0.95754120492274375       -4.7127976409439949        2.2115428774144306     
   5.1299999999999351       0.22685289245147189       0.98158329656970822       -4.7243638358535449        2.1865684204355054     
   5.1399999999999348       0.16842270195669648        1.0018390727661917       -4.7357978300238939        2.1615327773345832     
   5.1499999999999346       0.10934396278604593        1.0183259316924163       -4.7470992984289486        2.1364366463659219     
   5.1599999999999344        4.9848692212633647E-002   1.0310740545230732       -4.7582679197140845        2.1112807275241674     
   5.1699999999999342       -9.8405515967736525E-003   1.0401250734331640       -4.7693033762056345        2.0860657225252064     
   5.1799999999999340       -6.9510701545975245E-002   1.0455308483040289       -4.7802053539202847        2.0607923347869659     
   5.1899999999999338      -0.12895811817156394        1.0473523520399002       -4.7909735425743740        2.0354612694101597     
   5.1999999999999336      -0.18798845049278040        1.0456586621143866       -4.8016076355930997        2.0100732331589830     
   5.2099999999999334      -0.24641643824590870        1.0405260543065769       -4.8121073301196278        1.9846289344417560     
   5.2199999999999331      -0.30406567018607739        1.0320371934442298       -4.8224723270241103        1.9591290832915167     
   5.2299999999999329      -0.36076831093919692        1.0202804152446960       -4.8327023309126060        1.9335743913465639     
   5.2399999999999327      -0.41636480691642047        1.0053490929437634       -4.8427970501359061        1.9079655718309525     
   5.2499999999999325      -0.47070358006494678       0.98734108225285655       -4.8527561967982642        1.8823033395349402     
   5.2599999999999323      -0.52364071671468759       0.96635823822288047       -4.8625794867660312        1.8565884107953883     
   5.2699999999999321      -0.57503965747671604       0.94250599776697330       -4.8722666396761927        1.8308215034761164     
   5.2799999999999319      -0.62477089303940225       0.91589302186312260       -4.8818173789448105        1.8050033369482126     
   5.2899999999999316      -0.67271166977298191       0.88663089178830068       -4.8912314317753660        1.7791346320702999     
   5.2999999999999314      -0.71874570827392537       0.85483385410306167       -4.9005085291670039        1.7532161111687605     
   5.3099999999999312      -0.76276293733835721       0.82061860948996412       -4.9096484059226766        1.7272484980179179     
   5.3199999999999310      -0.80465924533151567       0.78410414093610725       -4.9186508006571881        1.7012325178201784     
   5.3299999999999308      -0.84433625050187078       0.74541157712866024       -4.9275154558051355        1.6751688971861325     
   5.3399999999999306      -0.88170109145966036       0.70466408729463015       -4.9362421176287450        1.6490583641146170     
   5.3499999999999304      -0.91666623878748976       0.66198680405658372       -4.9448305362256040        1.6229016479727383     
   5.3599999999999302      -0.94914932856408762       0.61750677119055963       -4.9532804655362854        1.5966994794758564     
   5.3699999999999299      -0.97907301845159977       0.57135291345807504       -4.9615916633518635        1.5704525906675317     
   5.3799999999999297       -1.0063648669135705       0.52365602593880489       -4.9697638913213176        1.5441617148994322     
   5.3899999999999295       -1.0309572360878299       0.47454878051252003       -4.9777969149588266        1.5178275868112023     
   5.3999999999999293       -1.0527872188297562       0.42416574732678414       -4.9856905036509467        1.4914509423102931     
   5.4099999999999291       -1.0717965904615587       0.37264342923938815       -4.9934444306636774        1.4650325185517517     
   5.4199999999999289       -1.0879317858077933       0.32012030734016661       -5.0010584731494090        1.4385730539179715     
   5.4299999999999287       -1.1011439021622900       0.26673689573420650       -5.0085324121537544        1.4120732879984013     
   5.4399999999999284       -1.1113887289133924       0.21263580380587427       -5.0158660326222657        1.3855339615692113     
   5.4499999999999282       -1.1186268046494388       0.15796180417869557       -5.0230591234070312        1.3589558165729181     
   5.4599999999999280       -1.1228235026712996       0.10286190453784502       -5.0301114772731568        1.3323395960979660     
   5.4699999999999278       -1.1239491459498403        4.7485421387505909E-002  -5.0370228909051304        1.3056860443582645     
   5.4799999999999276       -1.1219791526793470       -8.0159463279573032E-003  -5.0437931649130716        1.2789959066726815     
   5.4899999999999274       -1.1168942136885072       -6.3488046005090559E-002  -5.0504221038388648        1.2522699294444928     
   5.4999999999999272       -1.1086805030729252      -0.11877420508066995       -5.0569095161621798        1.2255088601407873     
   5.5099999999999270       -1.0973299235006793      -0.17371517247339391       -5.0632552143063796        1.1987134472718282     
   5.5199999999999267       -1.0828403877070438      -0.22814907096219739       -5.0694590146443179        1.1718844403703708     
   5.5299999999999265       -1.0652161377264628      -0.28191136413119383       -5.0755207375040259        1.1450225899709381     
   5.5399999999999263       -1.0444681033974315      -0.33483484201629915       -5.0814402071742908        1.1181286475890544     
   5.5499999999999261       -1.0206143016050349      -0.38674963016620295       -5.0872172519101255        1.0912033657004383     
   5.5599999999999259      -0.99368027757967348      -0.43748322748302171       -5.0928517039381349        1.0642474977201564     
   5.5699999999999257      -0.96369958932903699      -0.48686057893685158       -5.0983433994617728        1.0372617979817387     
   5.5799999999999255      -0.93071433592021180      -0.53470419005258552       -5.1036921786664955        1.0102470217162576     
   5.5899999999999253      -0.89477572982263054      -0.58083429094272976       -5.1088978857248124       0.98320392503137177     
   5.5999999999999250      -0.85594471283900608      -0.62506905859814776       -5.1139603688012292       0.95613326489033557     
   5.6099999999999248      -0.81429261425489474      -0.66722490713532967       -5.1188794800570889       0.92903579909097611     
   5.6199999999999246      -0.76990184868860534      -0.70711685671172830       -5.1236550756553090       0.90191228624463915     
   5.6299999999999244      -0.72286664967898895      -0.74455899282754756       -5.1282870157650127       0.87476348575510476     
   5.6399999999999242      -0.67329383326427650      -0.77936502868794788       -5.1327751645660573       0.84759015779747449     
   5.6499999999999240      -0.62130358363557370      -0.81134898414301748       -5.1371193902534573       0.82039306329703043     
   5.6599999999999238      -0.56703025035191845      -0.84032599537424013       -5.1413195650417016       0.79317296390806769     
   5.6699999999999235      -0.51062314354553595      -0.86611326985379689       -5.1453755651689645       0.76593062199270090     
   5.6799999999999233      -0.45224731000538260      -0.88853120104046035       -5.1492872709012119       0.73866680059964573     
   5.6899999999999231      -0.39208426900539384      -0.90740465664028847       -5.1530545665361984       0.71138226344297639     
   5.6999999999999229      -0.33033268227430912      -0.92256445287261113       -5.1566773404073585       0.68407777488085952     
   5.7099999999999227      -0.26720892766438076      -0.93384902483898635       -5.1601554848875901       0.65675409989426503     
   5.7199999999999225      -0.20294754100335313      -0.94110629957478675       -5.1634888963929280       0.62941200406565501     
   5.7299999999999223      -0.13780148551864410      -0.94419577344455441       -5.1666774753861091       0.60205225355765080     
   5.7399999999999221       -7.2042203404493008E-002 -0.94299078901153477       -5.1697211263800273       0.57467561509167908     
   5.7499999999999218       -5.9593999628673629E-003 -0.93738099819772980       -5.1726197579410798       0.54728285592659731     
   5.7599999999999216        6.0139492204932254E-002 -0.92727498835871836       -5.1753732826924006       0.51987474383729904     
   5.7699999999999214       0.12593022263636069      -0.91260303585358393       -5.1779816173169850       0.49245204709329965     
   5.7799999999999212       0.19107305842390476      -0.89331993799250931       -5.1804446825607018       0.46501553443730309     
   5.7899999999999210       0.25521459340296798      -0.86940785931528342       -5.1827624032351940       0.43756597506374972     
   5.7999999999999208       0.31799007041769461      -0.84087911268658122       -5.1849347082206680       0.41010413859734629     
   5.8099999999999206       0.37902624296175885      -0.80777878068289688       -5.1869615304685688       0.38263079507157799     
   5.8199999999999203       0.43794478460615227      -0.77018706948625670       -5.1888428070041446       0.35514671490720340     
   5.8299999999999201       0.49436623188214784      -0.72822127754070276       -5.1905784789288978       0.32765266889073258     
   5.8399999999999199       0.54791441920390138      -0.68203725626947298       -5.1921684914229216       0.30014942815288909     
   5.8499999999999197       0.59822133411778056      -0.63183024187795167       -5.1936127937471266       0.27263776414705598     
   5.8599999999999195       0.64493228943507896      -0.57783494712150729       -5.1949113392453503       0.24511844862770685     
   5.8699999999999193       0.68771127803407794      -0.52032482083314291       -5.1960640853463564       0.21759225362882173     
   5.8799999999999191       0.72624634915599906      -0.45961041114661488       -5.1970709935657169       0.19005995144228902     
   5.8899999999999189       0.76025482489798835      -0.39603680489419024       -5.1979320295075837       0.16252231459629343     
   5.8999999999999186       0.78948816516005527      -0.32998015869238317       -5.1986471628663447       0.13498011583369082     
   5.9099999999999184       0.81373629074165932      -0.26184338380559441       -5.1992163674281651       0.10743412809037010     
   5.9199999999999182       0.83283118878258167      -0.19205109325043634       -5.1996396210724170        7.9885124473603047E-002
   5.9299999999999180       0.84664965213937582      -0.12104396163982725       -5.1999169057729908        5.2333878240382298E-002
   5.9399999999999178       0.85511504296355501       -4.9272681976269030E-002  -5.2000482075994956        2.4781162775748194E-002
   5.9499999999999176       0.85819801773504856        2.2808274298788435E-002  -5.2000335167183440       -2.7722484288950767E-003
   5.9599999999999174       0.85591620233271182        9.4746879311232143E-002  -5.1998728273937216       -3.0325581797473487E-002
   5.9699999999999172       0.84833285693162241       0.16609954407713429       -5.1995661379884419       -5.7878063690946786E-002
   5.9799999999999169       0.83555461725136770       0.23643669774104342       -5.1991134509646866       -8.5428920429021213E-002
   5.9899999999999167       0.81772843726065858       0.30534779173812782       -5.1985147728846304      -0.11297737831187073     
   5.9999999999999165       0.79503788629472816       0.37244560806153698       -5.1977701144109503      -0.14052266364186627     
   6.0099999999999163       0.76769896941625837       0.43736979295738776       -5.1968794903072197      -0.16806400274531241     
   6.0199999999999161       0.73595564383516943       0.49978957971777549       -5.1958429194381877      -0.19560062199419093     
   6.0299999999999159       0.70007519752857339       0.55940570351696339       -5.1946604247699408      -0.22313174782791073     
   6.0399999999999157       0.66034364092256892       0.61595154494666016       -5.1933320333699511      -0.25065660677506357     
   6.0499999999999154       0.61706124110996907       0.66919356549648035       -5.1918577764070069      -0.27817442547518484     
   6.0599999999999152       0.57053830316314325       0.71893111706403456       -5.1902376891510276      -0.30568443070051921     
   6.0699999999999150       0.52109127702892832       0.76499571883291739       -5.1884718109727634      -0.33318584937779022     
   6.0799999999999148       0.46903924322414048       0.80724989929480773       -5.1865601853433771      -0.36067790860997340     
   6.0899999999999146       0.41470080753879346       0.84558569996315069       -5.1845028598339109      -0.38815983569807239     
   6.0999999999999144       0.35839141513170003       0.87992293175298675       -5.1822998861146363      -0.41563085816289741     
   6.1099999999999142       0.30042107823001146       0.91020726641087357       -5.1799513199542879      -0.44309020376684555     
   6.1199999999999140       0.24109249919591144       0.93640823497977144       -5.1774572212191803      -0.47053710053568243     
   6.1299999999999137       0.18069956179238958       0.95851719409569769       -5.1748176538722088      -0.49797077678032453     
   6.1399999999999135       0.11952615767411914       0.97654530973456066       -5.1720326859717352      -0.52539046111862164     
   6.1499999999999133        5.7845311959512896E-002  0.99052159743714319       -5.1691023896703552      -0.55279538249713911     
   6.1599999999999131       -4.0814293134565976E-003   1.0004910484167708       -5.1660268412135499      -0.58018477021293891     
   6.1699999999999129       -6.6004386483287908E-002   1.0065128625100062       -5.1628061209382210      -0.60755785393535977     
   6.1799999999999127      -0.12768594322351984        1.0086588017475033       -5.1594403132711113      -0.63491386372779479     
   6.1899999999999125      -0.18890058557333111        1.0070116723863864       -5.1559295067271069      -0.66225203006946698     
   6.1999999999999122      -0.24943481248834845        1.0016639384793684       -5.1522737939074261      -0.68957158387720163     
   6.2099999999999120      -0.30908694418581273       0.99271646634275457       -5.1484732714976893      -0.71687175652719526     
   6.2199999999999118      -0.36766685135668287       0.98027739648984458       -5.1445280402658762      -0.74415177987678038     
   6.2299999999999116      -0.42499562521988771       0.96446113757765273       -5.1404382050601667      -0.77141088628618582     
   6.2399999999999114      -0.48090520548860272       0.94538747553781588       -5.1362038748066663      -0.79864830864029179     
   6.2499999999999112      -0.53523798065826300       0.92318079020246724       -5.1318251625070168      -0.82586328037037970     
   6.2599999999999110      -0.58784637263774508       0.89796937128226673       -5.1273021852358927      -0.85305503547587513     
   6.2699999999999108      -0.63859241563615410       0.86988482541157475       -5.1226350641383833      -0.88022280854608470     
   6.2799999999999105      -0.68734733738183218       0.83906156606500559       -5.1178239244272623      -0.90736583478192501     
   6.2899999999999103      -0.73399114917255981       0.80563637840458591       -5.1128688953801413      -0.93448335001764371     
   6.2999999999999101      -0.77841224991609737       0.76974805148450809       -5.1077701103365118      -0.96157459074253182     
   6.3099999999999099      -0.82050704819511555       0.73153707067914731       -5.1025277066946746      -0.98863879412262656     
   6.3199999999999097      -0.86017960545623651       0.69114536367716450       -5.0971418259085564       -1.0156751980224039     
   6.3299999999999095      -0.89734130265582035       0.64871609387552620       -5.0916126134844140       -1.0426830410264591     
   6.3399999999999093      -0.93191053207300611       0.60439349549389521       -5.0859402189774299       -1.0696615624611769     
   6.3499999999999091      -0.96381241550281838       0.55832274519894942       -5.0801247959881923       -1.0966100024163867     
   6.3599999999999088      -0.99297854965033938       0.51064986547064783       -5.0741665021590672       -1.1235276017670044     
   6.3699999999999086       -1.0193467792445294       0.46152165535225914       -5.0680654991704577       -1.1504136021946578     
   6.3799999999999084       -1.0428609981627797       0.41108564459941738       -5.0618219527369535       -1.1772672462092963     
   6.3899999999999082       -1.0634709786920988       0.35949006757860524       -5.0554360326033700       -1.2040877771707816     
   6.3999999999999080       -1.0811322289390681       0.30688385356153686       -5.0489079125406757       -1.2308744393104585     
   6.4099999999999078       -1.0958058783289517       0.25341663031897699       -5.0422377703418064       -1.2576264777527046     
   6.4199999999999076       -1.1074585910965122       0.19923873813613516       -5.0354257878173705       -1.2843431385364585     
   6.4299999999999073       -1.1160625076601132       0.14450125155267848       -5.0284721507912371       -1.3110236686367214     
   6.4399999999999071       -1.1215952137804202        8.9356006274406014E-002  -5.0213770490960137       -1.3376673159860348     
   6.4499999999999069       -1.1240397374299240        3.3955628811375864E-002  -5.0141406765684069       -1.3642733294959308     
   6.4599999999999067       -1.1233845733345638       -2.1546433530822768E-002  -5.0067632310444674       -1.3908409590783533     
   6.4699999999999065       -1.1196237351891709       -7.6995884643833098E-002  -4.9992449143547164       -1.4173694556670497     
   6.4799999999999063       -1.1127568355896704      -0.13223755593045167       -4.9915859323191514       -1.4438580712389333     
   6.4899999999999061       -1.1027891937622796      -0.18711538931350694       -4.9837864947421338       -1.4703060588354127     
   6.4999999999999059       -1.0897319711985005      -0.24147242938791258       -4.9758468154071505       -1.4967126725836912     
   6.5099999999999056       -1.0736023353192770      -0.29515082727752379       -4.9677671120714519       -1.5230771677180341     
   6.5199999999999054       -1.0544236512865857      -0.34799185891221679       -4.9595476064605659       -1.5493988006010033     
   6.5299999999999052       -1.0322257020495633      -0.39983596063613408       -4.9511885242626841       -1.5756768287446614     
   6.5399999999999050       -1.0070449366478325      -0.45052278529638512       -4.9426900951229200       -1.6019105108317451     
   6.5499999999999048      -0.97892474668876706      -0.49989128224325519       -4.9340525526374401       -1.6280991067368074     
   6.5599999999999046      -0.94791577075865729      -0.54777980499791701       -4.9252761343474667       -1.6542418775473311     
   6.5699999999999044      -0.91407622630936891      -0.59402625071035187       -4.9163610817331520       -1.6803380855848138     
   6.5799999999999041      -0.87747226826996327      -0.63846823593566782       -4.9073076402073266       -1.7063869944258243     
   6.5899999999999039      -0.83817837325307432      -0.68094331369616434       -4.8981160591091211       -1.7323878689230328     
   6.5999999999999037      -0.79627774774324422      -0.72128923726162231       -4.8887865916974613       -1.7583399752262137     
   6.6099999999999035      -0.75186275805195979      -0.75934427656038006       -4.8793194951444434       -1.7842425808032234     
   6.6199999999999033      -0.70503537908350100      -0.79494759361373013       -4.8697150305285835       -1.8100949544609517     
   6.6299999999999031      -0.65590765805764517      -0.82793968384605887       -4.8599734628279485       -1.8358963663662469     
   6.6399999999999029      -0.60460218826015033      -0.85816289053707406       -4.8500950609131701       -1.8616460880668160     
   6.6499999999999027      -0.55125258662079557      -0.88546200001757402       -4.8400800975403406       -1.8873433925120973     
   6.6599999999999024      -0.49600396743459740      -0.90968492542556445       -4.8299288493437942       -1.9129875540741066     
   6.6699999999999022      -0.43901340283154677      -0.93068348688499558       -4.8196415968287756       -1.9385778485682550     
   6.6799999999999020      -0.38045035865705945      -0.94831429578469517       -4.8092186243639956       -1.9641135532741378     
   6.6899999999999018      -0.32049709225207157      -0.96243975034916385       -4.7986602201740789       -1.9895939469562935     
   6.6999999999999016      -0.25934899623456170      -0.97292914882388071       -4.7879666763318980       -2.0150183098849310     
   6.7099999999999014      -0.19721486981764069      -0.97965992525369761       -4.7771382887508027       -2.0403859238566242     
   6.7199999999999012      -0.13431709651123713      -0.98251901091387994       -4.7661753571767393       -2.0656960722149740     
   6.7299999999999010       -7.0891704332437605E-002 -0.98140432185532933       -4.7550781851802624       -2.0909480398712335     
   6.7399999999999007       -7.1882820170856209E-003 -0.97622636964638643       -4.7438470801484396       -2.1161411133248977     
   6.7499999999999005        5.6530277652869367E-002 -0.96690998814202556       -4.7324823532766498       -2.1412745806842559     
   6.7599999999999003       0.11998823820489143      -0.95339616391871784       -4.7209843195602748       -2.1663477316869044     
   6.7699999999999001       0.18289771550270059      -0.93564395184959015       -4.7093532977862838       -2.1913598577202200     
   6.7799999999998999       0.24495964159595410      -0.91363245018669181       -4.6975896105247097       -2.2163102518417923     
   6.7899999999998997       0.30586502734024040      -0.88736280157061409       -4.6856935841200196       -2.2411982087998137     
   6.7999999999998995       0.36529655180292669      -0.85686017780865642       -4.6736655486823793       -2.2660230250534270     
   6.8099999999998992       0.42293050145544037      -0.82217569737917096       -4.6615058380788081       -2.2907839987930290     
   6.8199999999998990       0.47843907474202546      -0.78338821589696950       -4.6492147899242280       -2.3154804299605294     
   6.8299999999998988       0.53149305758656962      -0.74060592182108154       -4.6367927455724045       -2.3401116202695649     
   6.8399999999998986       0.58176486267687766      -0.69396766324325643       -4.6242400501067795       -2.3646768732256662     
   6.8499999999998984       0.62893191008054561      -0.64364392750738209       -4.6115570523311966       -2.3891754941463792     
   6.8599999999998982       0.67268030929227030      -0.58983739456682016       -4.5987441047605202       -2.4136067901813369     
   6.8699999999998980       0.71270878388835468      -0.53278298824236914       -4.5858015636111435       -2.4379700703322857     
   6.8799999999998978       0.74873276059080518      -0.47274735760842312       -4.5727297887913902       -2.4622646454730610     
   6.8899999999998975       0.78048852603892771      -0.41002773405299764       -4.5595291438918082       -2.4864898283695145     
   6.8999999999998973       0.80773733847421370      -0.34495012818348575       -4.5461999961753552       -2.5106449336993903     
   6.9099999999998971       0.83026936950848040      -0.27786685424679614       -4.5327427165674763       -2.5347292780721529     
   6.9199999999998969       0.84790734473805318      -0.20915339711065761       -4.5191576796460726       -2.5587421800487609     
   6.9299999999998967       0.86050975248692996      -0.13920466657756300       -4.5054452636313647       -2.5826829601613914     
   6.9399999999998965       0.86797349822955838       -6.8430713880509753E-002  -4.4916058503756453       -2.6065509409331127     
   6.9499999999998963       0.87023589842839866        2.7479866425207705E-003  -4.4776398253529255       -2.6303454468975018     
   6.9599999999998960       0.86727593103700495        7.3905563814850139E-002  -4.4635475776484750       -2.6540658046182108     
   6.9699999999998958       0.85911468941738400       0.14461593943850418       -4.4493294999482522       -2.6777113427084789     
   6.9799999999998956       0.84581501989189778       0.21445802775392769       -4.4349859885282301       -2.7012813918505896     
   6.9899999999998954       0.82748035813025733       0.28302079000681618       -4.4205174432436118       -2.7247752848152738     
   6.9999999999998952       0.80425281341942112       0.34990799791720595       -4.4059242675179426       -2.7481923564810571     
   7.0099999999998950       0.77631058006771014       0.41474257634887091       -4.3912068683321124       -2.7715319438535504     
   7.0199999999998948       0.74386477966096742       0.47717041862925369       -4.3763656562132542       -2.7947933860846845     
   7.0299999999998946       0.70715585516107737       0.53686359571573061       -4.3614010452235350       -2.8179760244918883     
   7.0399999999998943       0.66644964721400202       0.59352291042019367       -4.3463134529488388       -2.8410792025772080     
   7.0499999999998941       0.62203328457846729       0.64687977787930750       -4.3311033004873467       -2.8641022660463689     
   7.0599999999998939       0.57421101503359639       0.69669744133885936       -4.3157710124380113       -2.8870445628277768     
   7.0699999999998937       0.52330009171882930       0.74277155649349358       -4.3003170168889220       -2.9099054430914624     
   7.0799999999998935       0.46962681415296015       0.78493019701348776       -4.2847417454055687       -2.9326842592679632     
   7.0899999999998933       0.41352280482227893       0.82303334798114991       -4.2690456330190001       -2.9553803660671463     
   7.0999999999998931       0.35532158279393156       0.85697196274038057       -4.2532291182138753       -2.9779931204969694     
   7.1099999999998929       0.29535547666192968       0.88666666253144300       -4.2372926429164117       -3.0005218818821802     
   7.1199999999998926       0.23395290134029084       0.91206615792244594       -4.2212366524822302       -3.0229660118829531     
   7.1299999999998924       0.17143600752906449       0.93314546730445269       -4.2050615956840955       -3.0453248745134629     
   7.1399999999998922       0.10811869953163465       0.94990400148440146       -4.1887679246995511       -3.0675978361603957     
   7.1499999999998920        4.4305006660870193E-002  0.96236357554869267       -4.1723560950984542       -3.0897842656013945     
   7.1599999999998918       -1.9712214313873686E-002  0.97056640044321241       -4.1558265658304059       -3.1118835340234412     
   7.1699999999998916       -8.3652273564400789E-002  0.97457309775438161       -4.1391797992120773       -3.1338950150411735     
   7.1799999999998914      -0.14724737052641443       0.97446077246846663       -4.1224162609144361       -3.1558180847151349     
   7.1899999999998911      -0.21024307663463071       0.97032117038082677       -4.1055364199498694       -3.1776521215699596     
   7.1999999999998909      -0.27239861094079237       0.96225893954569941       -4.0885407486592049       -3.1993965066124899     
   7.2099999999998907      -0.33348693999162682       0.95039000881848479       -4.0714297226986309       -3.2210506233498264     
   7.2199999999998905      -0.39329473148494148       0.93484009118206046       -4.0542038210265163       -3.2426138578073114     
   7.2299999999998903      -0.45162218886426525       0.91574331514181773       -4.0368635258901282       -3.2640855985464423     
   7.2399999999998901      -0.50828279137410748       0.89324098395527873       -4.0194093228122503       -3.2854652366827182     
   7.2499999999998899      -0.56310296135070081       0.86748045974087540       -4.0018417005777014       -3.3067521659034149     
   7.2599999999998897      -0.61592167779615314       0.83861416748410145       -3.9841611512197534       -3.3279457824852932     
   7.2699999999998894      -0.66659005266951099       0.80679871252230828       -3.9663681700064526       -3.3490454853122342     
   7.2799999999998892      -0.71497088388791907       0.77219410414009659       -3.9484632554268391       -3.3700506758928066     
   7.2899999999998890      -0.76093819680186114       0.73496307735156785       -3.9304469091770708       -3.3909607583777612     
   7.2999999999998888      -0.80437678390843748       0.69527050469978502       -3.9123196361464481       -3.4117751395774563     
   7.3099999999998886      -0.84518175079971591       0.65328288989489147       -3.8940819444033408       -3.4324932289792094     
   7.3199999999998884      -0.88325807480330942       0.60916793527881230       -3.8757343451810207       -3.4531144387645787     
   7.3299999999998882      -0.91852018144666392       0.56309417539519313       -3.8572773528633948       -3.4736381838265711     
   7.3399999999998879      -0.95089154274810572       0.51523066931666617       -3.8387114849706454       -3.4940638817867788     
   7.3499999999998877      -0.98030430038729677       0.46574674480454897       -3.8200372621447740       -3.5143909530124424     
   7.3599999999998875       -1.0066989160153790       0.41481178782279499       -3.8012552081350504       -3.5346188206334412     
   7.3699999999998873       -1.0300238503109642       0.36259507137864277       -3.7823658497833685       -3.5547469105592100     
   7.3799999999998871       -1.0502352718533181       0.30926561810219794       -3.7633697170095100       -3.5747746514955829     
   7.3899999999998869       -1.0672967964509523       0.25499209139546158       -3.7442673427963142       -3.5947014749615618     
   7.3999999999998867       -1.0811792572162404       0.19994271037069269       -3.7250592631747583       -3.6145268153060113     
   7.4099999999998865       -1.0918605054000579       0.14428518415362759       -3.7057460172089449       -3.6342501097242792     
   7.4199999999998862       -1.0993252417818451        8.8186661446141304E-002  -3.6863281469810021       -3.6538707982747409     
   7.4299999999998860       -1.1035648782384375        3.1813691524106388E-002  -3.6668061975758941       -3.6733883238952689     
   7.4399999999998858       -1.1045774289794210       -2.4667806910688275E-002  -3.6471807170661439       -3.6928021324196245     
   7.4499999999998856       -1.1023674308288292       -8.1092572399982660E-002  -3.6274522564964689       -3.7121116725937733     
   7.4599999999998854       -1.0969458918449757      -0.13729602612567085       -3.6076213698683319       -3.7313163960921223     
   7.4699999999998852       -1.0883302674953210      -0.19311429910419448       -3.5876886141244073       -3.7504157575336778     
   7.4799999999998850       -1.0765444635355084      -0.24838426414640496       -3.5676545491329614       -3.7694092144981224     
   7.4899999999998847       -1.0616188646756874      -0.30294357547778766       -3.5475197376721512       -3.7882962275418093     
   7.4999999999998845       -1.0435903880480673      -0.35663071886879322       -3.5272847454142409       -3.8070762602136754     
   7.5099999999998843       -1.0225025604126992      -0.40928507510498857       -3.5069501409097348       -3.8257487790710667     
   7.5199999999998841      -0.99840561794936589      -0.46074699962916416       -3.4865164955714301       -3.8443132536954772     
   7.5299999999998839      -0.97135662737772699      -0.51085792120964169       -3.4659843836583861       -3.8627691567081981     
   7.5399999999998837      -0.94141962702103621      -0.55946046252789572       -3.4453543822598136       -3.8811159637858768     
   7.5499999999998835      -0.90866578627606087      -0.60639858563110782       -3.4246270712788793       -3.8993531536759809     
   7.5599999999998833      -0.87317358176824822      -0.65151776525800653       -3.4038030334164291       -3.9174802082121669     
   7.5699999999998830      -0.83502898825126870      -0.69466519311549502       -3.3828828541546261       -3.9354966123295516     
   7.5799999999998828      -0.79432568204801068      -0.73569001625474451       -3.3618671217405036       -3.9534018540798836     
   7.5899999999998826      -0.75116525451974070      -0.77444361276346763       -3.3407564271694317       -3.9711954246466146     
   7.5999999999998824      -0.70565743268506853      -0.81077990804976030       -3.3195513641684942       -3.9888768183598682     
   7.6099999999998822      -0.65792030368410004      -0.84455573503462344       -3.2982525291797780       -4.0064455327113055     
   7.6199999999998820      -0.60808053928945638      -0.87563124158571504       -3.2768605213435693       -4.0239010683688896     
   7.6299999999998818      -0.55627361609899340      -0.90387034850258119       -3.2553759424814599       -4.0412429291915437     
   7.6399999999998816      -0.50264402640042583      -0.92914126128957231       -3.2337993970793573       -4.0584706222437097     
   7.6499999999998813      -0.44734547397263241      -0.95131703880996343       -3.2121314922704030       -4.0755836578098048     
   7.6599999999998811      -0.39054104828155062      -0.97027622168333694       -3.1903728378177960       -4.0925815494085764     
   7.6699999999998809      -0.33240336964283762      -0.98590352294452976       -3.1685240460975224       -4.1094638138073591     
   7.6799999999998807      -0.27311469696570989      -0.99809058299945341       -3.1465857320809909       -4.1262299710362340     
   7.6899999999998805      -0.21286698867482584       -1.0067367902607642       -3.1245585133175768       -4.1428795444020921     
   7.6999999999998803      -0.15186190634873700       -1.0117501679919756       -3.1024430099170743       -4.1594120605026053     
   7.7099999999998801       -9.0310749541484991E-002  -1.0130483267978139       -3.0802398445320587       -4.1758270492401017     
   7.7199999999998798       -2.8434309205239976E-002  -1.0105594808368521       -3.0579496423401626       -4.1921240438353520     
   7.7299999999998796        3.3537373845483109E-002  -1.0042235241669988       -3.0355730310262659       -4.2083025808412637     
   7.7399999999998794        9.5365359832977392E-002 -0.99399316163701834       -3.0131106407646024       -4.2243622001564862     
   7.7499999999998792       0.15680228532340806      -0.97983508638760575       -2.9905631042007870       -4.2403024450389264     
   7.7599999999998790       0.21759297833222066      -0.96173119331535473       -2.9679310564337613       -4.2561228621191756     
   7.7699999999998788       0.27747522856947643      -0.93967981479092300       -2.9452151349976652       -4.2718230014138454     
   7.7799999999998786       0.33618072761072837      -0.91369696153990532       -2.9224159798436316       -4.2874024163388151     
   7.7899999999998784       0.39343619259582641      -0.88381754795072087       -2.8995342333215097       -4.3028606637223872     
   7.7999999999998781       0.44896468512532473      -0.85009657726156429       -2.8765705401615160       -4.3181973038183532     
   7.8099999999998779       0.50248713422571412      -0.81261025823060096       -2.8535255474558143       -4.3334119003189659     
   7.8199999999998777       0.55372406849092115      -0.77145702118519455       -2.8303999046400281       -4.3485040203678205     
   7.8299999999998775       0.60239755770865100      -0.72675839799580166       -2.8071942634746838       -4.3634732345726377     
   7.8399999999998773       0.64823335842154206      -0.67865972778801620       -2.7839092780265875       -4.3783191170179556     
   7.8499999999998771       0.69096325099161970      -0.62733064838531194       -2.7605456046501340       -4.3930412452777228     
   7.8599999999998769       0.73032754794669896      -0.57296533287853191       -2.7371039019685504       -4.4076392004277940     
   7.8699999999998766       0.76607774489515257      -0.51578243165932003       -2.7135848308550736       -4.4221125670583286     
   7.8799999999998764       0.79797927640713773      -0.45602468302020172       -2.6899890544140641       -4.4364609332860887     
   7.8899999999998762       0.82581433038386698      -0.39395816024214514       -2.6663172379620530       -4.4506838907666371     
   7.8999999999998760       0.84938466607214458      -0.32987113009567215       -2.6425700490087247       -4.4647810347064345     
   7.9099999999998758       0.86851437360026984      -0.26407250687961181       -2.6187481572378362       -4.4787519638748350     
   7.9199999999998756       0.88305250732029394      -0.19688989735892773       -2.5948522344880711       -4.4925962806159774     
   7.9299999999998754       0.89287552193526376      -0.12866724490688228       -2.5708829547338303       -4.5063135908605743     
   7.9399999999998752       0.89788943989407177       -5.9762095290119673E-002  -2.5468409940659593       -4.5199035041375977     
   7.9499999999998749       0.89803168124596855        9.4574788282727976E-003  -2.5227270306724114       -4.5333656335858601     
   7.9599999999998747       0.89327249326826330        7.8616243271882616E-002  -2.4985417448188487       -4.5466995959654879     
   7.9699999999998745       0.88361592668597522       0.14733539311270163       -2.4742858188291792       -4.5599050116692919     
   7.9799999999998743       0.86910031790172915       0.21523629329413407       -2.4499599370660321       -4.5729815047340310     
   7.9899999999998741       0.84979825179753021       0.28194428549831974       -2.4255647859111718       -4.5859287028515698     
   7.9999999999998739       0.82581599657563087       0.34709247309150709       -2.4011010537458484       -4.5987462373799275     
   8.0099999999998737       0.79729241981949894       0.41032539538353457       -2.3765694309310881       -4.6114337433542198     
   8.0199999999998735       0.76439741243301962       0.47130250590575873       -2.3519706097879216       -4.6239908594974954     
   8.0299999999998732       0.72732986331562088       0.52970137675576157       -2.3273052845775539       -4.6364172282314602     
   8.0399999999998730       0.68631524161200408       0.58522056179810511       -2.3025741514814717       -4.6487124956870964     
   8.0499999999998728       0.64160285438086950       0.63758206492879099       -2.2777779085814926       -4.6608763117151710     
   8.0599999999998726       0.59346285504712148       0.68653337481954546       -2.2529172558397548       -4.6729083298966341     
   8.0699999999998724       0.54218308180530772       0.73184904358883140       -2.2279928950786476       -4.6848082075529094     
   8.0799999999998722       0.48806580527742083       0.77333180274180235       -2.2030055299606848       -4.6965756057560730     
   8.0899999999998720       0.43142446149646374       0.81081322461511507       -2.1779558659683200       -4.7082101893389234     
   8.0999999999998717       0.37258044018982961       0.84415395074406074       -2.1528446103837053       -4.7197116269049380     
   8.1099999999998715       0.31185999001051640       0.87324351952462487       -2.1276724722683924       -4.7310795908381218     
   8.1199999999998713       0.24959129251216461       0.89799983396977079       -2.1024401624429783       -4.7423137573127416     
   8.1299999999998711       0.18610174598877022       0.91836831616061343       -2.0771483934666963       -4.7534138063029507     
   8.1399999999998709       0.12171548945008111       0.93432079825244396       -2.0517978796169514       -4.7643794215922997     
   8.1499999999998707        5.6751186533121181E-002  0.94585420083894811       -2.0263893368688017       -4.7752102907831349     
   8.1599999999998705       -8.4799205052261649E-003  0.95298904843163235       -2.0009234828743869       -4.7859061053058864     
   8.1699999999998703       -7.3675685101181276E-002  0.95576786915879208       -1.9754010369423023       -4.7964665604282404     
   8.1799999999998700      -0.13854446461066133       0.95425352193126090       -1.9498227200169218       -4.8068913552641988     
   8.1899999999998698      -0.20280627389246622       0.94852748964971334       -1.9241892546576687       -4.8171801927830247     
   8.1999999999998696      -0.26619370015330340       0.93868817189353537       -1.8985013650182352       -4.8273327798180761     
   8.2099999999998694      -0.32845259813261191       0.92484920523664083       -1.8727597768257516       -4.8373488270755223     
   8.2199999999998692      -0.38934258671894528       0.90713783412569282       -1.8469652173599052       -4.8472280491429469     
   8.2299999999998690      -0.44863736910340452       0.88569335031669250       -1.8211184154320104       -4.8569701644978363     
   8.2399999999998688      -0.50612489875994415       0.86066561432709077       -1.7952201013640299       -4.8665748955159529     
   8.2499999999998685      -0.56160741306700879       0.83221366830368348       -1.7692710069675477       -4.8760419684795933     
   8.2599999999998683      -0.61490135540936497       0.80050444617168259       -1.7432718655226949       -4.8853711135857303     
   8.2699999999998681      -0.66583720526641665       0.76571158392499605       -1.7172234117570286       -4.8945620649540382     
   8.2799999999998679      -0.71425923422744009       0.72801433042487507       -1.6911263818243649       -4.9036145606348027     
   8.2899999999998677      -0.76002520417806996       0.68759655705953415       -1.6649815132835657       -4.9125283426167154     
   8.2999999999998675      -0.80300602215876038       0.64464586303606441       -1.6387895450772809       -4.9213031568345516     
   8.3099999999998673      -0.84308536466877404       0.59935277187709801       -1.6125512175106465       -4.9299387531767289     
   8.3199999999998671      -0.88015928252574049       0.55191001382552107       -1.5862672722299382       -4.9384348854927529     
   8.3299999999998668      -0.91413579582387228       0.50251188826937454       -1.5599384522011830       -4.9467913116005411     
   8.3399999999998666      -0.94493448708454486       0.45135369993722374       -1.5335655016887271       -4.9550077932936345     
   8.3499999999998664      -0.97248609937258745       0.39863126243726010       -1.5071491662337626       -4.9630840963482878     
   8.3599999999998662      -0.99673214496430507       0.34454046268168276       -1.4806901926328127       -4.9710199905304453     
   8.3699999999998660       -1.0176245290973551       0.28927687981710626       -1.4541893289161756       -4.9788152496025972     
   8.3799999999998658       -1.0351251924024878       0.23303545244255403       -1.4276473243263295       -4.9864696513305198     
   8.3899999999998656       -1.0492057748043997       0.17601018811453481       -1.4010649292962969       -4.9939829774898978     
   8.3999999999998654       -1.0598473029733606       0.11839390939368649       -1.3744428954279706       -5.0013550138728293     
   8.4099999999998651       -1.0670399027997035        6.0378030963381950E-002  -1.3477819754704015       -5.0085855502942120     
   8.4199999999998649       -1.0707825378381850        2.1523626348687302E-003  -1.3210829232980481       -5.0156743805980151     
   8.4299999999998647       -1.0710827742171665       -5.6095066663700295E-002  -1.2943464938889904       -5.0226213026634321     
   8.4399999999998645       -1.0679565721174340      -0.11417816854269262       -1.2675734433031058       -5.0294261184109166     
   8.4499999999998643       -1.0614281035867383      -0.17191294281835620       -1.2407645286602114       -5.0360886338081032     
   8.4599999999998641       -1.0515295961589708      -0.22911761731526936       -1.2139205081181694       -5.0426086588756096     
   8.4699999999998639       -1.0383012014822517      -0.28561278370086524       -1.1870421408509613       -5.0489860076927249     
   8.4799999999998636       -1.0217908879198510      -0.34122153304133573       -1.1601301870267267       -5.0552204984029814     
   8.4899999999998634       -1.0020543558643840      -0.39576959457831318       -1.1331854077857713       -5.0613119532196107     
   8.4999999999998632      -0.97915497429254306      -0.44908548105198509       -1.1062085652185438       -5.0672601984308834     
   8.5099999999998630      -0.95316373687897349      -0.50100064373635378       -1.0792004223435834       -5.0730650644053359     
   8.5199999999998628      -0.92415923577884040      -0.55134964020319255       -1.0521617430854375       -5.0787263855968821     
   8.5299999999998626      -0.89222765097502577      -0.59997031768929276       -1.0250932922525537       -5.0842440005498091     
   8.5399999999998624      -0.85746275286443330      -0.64670401480275908      -0.99799583551514504       -5.0896177519036589     
   8.5499999999998622      -0.81996591552608200      -0.69139578416386460      -0.97087013938303135       -5.0948474863979953     
   8.5599999999998619      -0.77984613786989243      -0.73389463842939628      -0.94371697118345810       -5.0999330548770558     
   8.5699999999998617      -0.73722006960852138      -0.77405382199121764      -0.91653709903889402       -5.1048743122942870     
   8.5799999999998615      -0.69221203872534731      -0.81173111046435587      -0.88933129184480941       -5.1096711177167622     
   8.5899999999998613      -0.64495407683067363      -0.84678913988141646      -0.86210031924743702       -5.1143233343294812     
   8.5999999999998611      -0.59558593850717700      -0.87909576728247030      -0.83484495162151662       -5.1188308294395517     
   8.6099999999998609      -0.54425511044719299      -0.90852446412652133      -0.80756596004802506       -5.1231934744802476     
   8.6199999999998607      -0.49111680588202267      -0.93495474364595443      -0.78026411629189252       -5.1274111450149435     
   8.6299999999998604      -0.43633393950129262      -0.95827262291270310      -0.75294019277970681       -5.1314837207409223     
   8.6399999999998602      -0.38007707776352251      -0.97837111997810489      -0.72559496257740541       -5.1354110854930557     
   8.6499999999998600      -0.32252435921330763      -0.99515078598160944      -0.69822919936795602       -5.1391931272473528     
   8.6599999999998598      -0.26386137915266755       -1.0085202715911226      -0.67084367742902573       -5.1428297381243722     
   8.6699999999998596      -0.20428103277195303       -1.0183969265348110      -0.64343917161063779       -5.1463208143924994     
   8.6799999999998594      -0.14398331063829495       -1.0247074303063841      -0.61601645731281540       -5.1496662564710851     
   8.6899999999998592       -8.3175040277488774E-002  -1.0273884513699134      -0.58857631046321146       -5.1528659689334422     
   8.6999999999998590       -2.2069567480821714E-002  -1.0263873313540950      -0.56111950749472261       -5.1559198605097025     
   8.7099999999998587        3.9113629063814125E-002  -1.0216627898090933      -0.53364682532308627       -5.1588278440895268     
   8.7199999999998585       0.10014939616019955       -1.0131856441033604      -0.50615904132445877       -5.1615898367246773     
   8.7299999999998583       0.16080744368953290       -1.0009395379674115      -0.47865693331297343       -5.1642057596314448     
   8.7399999999998581       0.22085296727548098      -0.98492167105407058      -0.45114127951827748       -5.1666755381929361     
   8.7499999999998579       0.28004736145923792      -0.96514352069196241      -0.42361285856304648       -5.1689991019612229     
   8.7599999999998577       0.33814902818333586      -0.94163154577783825      -0.39607244944047598       -5.1711763846593550     
   8.7699999999998575       0.39491428454357957      -0.91442786150651612      -0.36852083149175058       -5.1732073241832373     
   8.7799999999998573       0.45009837269580250      -0.88359087240455181      -0.34095878438349031       -5.1750918626033791     
   8.7899999999998570       0.50345657347477391      -0.84919584995269248      -0.31338708808517574       -5.1768299461665110     
   8.7999999999998568       0.55474542367781499      -0.81133543999835822      -0.28580652284655267       -5.1784215252970807     
   8.8099999999998566       0.60372403507398975      -0.77012008422676093      -0.25821786917501838       -5.1798665545986227     
   8.8199999999998564       0.65015551101955449      -0.72567833923942882      -0.23062190781299088       -5.1811649928550070     
   8.8299999999998562       0.69380845410289638      -0.67815707634991762      -0.20301941971526355       -5.1823168030315703     
   8.8399999999998560       0.73445855553423467      -0.62772154512066936      -0.17541118602634714       -5.1833219522761276     
   8.8499999999998558       0.77189025408164191      -0.57455528400578149      -0.14779798805780131       -5.1841804119198676     
   8.8599999999998555       0.80589844930000565      -0.51885986230237680      -0.12018060726555782       -5.1848921574781324     
   8.8699999999998553       0.83629025068863361      -0.46085443901088580       -9.2559825227237366E-002  -5.1854571686510802     
   8.8799999999998551       0.86288674135189869      -0.40077512621081995       -6.4936423619461892E-002  -5.1858754293242333     
   8.8899999999998549       0.88552473184968705      -0.33887414720276732       -3.7311184195164132E-002  -5.1861469275689096     
   8.8999999999998547       0.90405847734931610      -0.27541878295286448       -9.6848887608959218E-003  -5.1862716556425363     
   8.9099999999998545       0.91836132907612100      -0.21069010427512264        1.7941680845863370E-002  -5.1862496099888471     
   8.9199999999998543       0.92832728955594457      -0.14498149163640101        4.5567742779397062E-002  -5.1860807912379627     
   8.9299999999998541       0.93387244039190509       -7.8596949367220142E-002   7.3192515208438946E-002  -5.1857652042063522     
   8.9399999999998538       0.93493621144513395       -1.1849226269683287E-002  0.10081521633885770       -5.1853028578966738     
   8.9499999999998536       0.93148246139155300        5.4942240042851309E-002  0.12843506443633715       -5.1846937654974985     
   8.9599999999998534       0.92350034176259854       0.12145353246433918       0.15605127784905151       -5.1839379443829099     
   8.9699999999998532       0.91100491975823061       0.18735858977842076       0.18366307503033513       -5.1830354161119851     
   8.9799999999998530       0.89403753930312302       0.25233163604707054       0.21126967456134590       -5.1819862064281530     
   8.9899999999998528       0.87266590490267193       0.31604966822996156       0.23887029517372191       -5.1807903452584307     
   8.9999999999998526       0.84698387869022573       0.37819496348778764       0.26646415577223082       -5.1794478667125370     
   9.0099999999998523       0.81711098743704969       0.43845756596344271       0.29405047545741120       -5.1779588090818818     
   9.0199999999998521       0.78319164297887345       0.49653771240254646       0.32162847354820590       -5.1763232148384324     
   9.0299999999998519       0.74539408622864600       0.55214815682443552       0.34919736960458603       -5.1745411306334574     
   9.0399999999998517       0.70390907141637571       0.60501635657572972       0.37675638345016593       -5.1726126072961440     
   9.0499999999998515       0.65894831315424096       0.65488648541358763       0.40430473519480803       -5.1705376998320931     
   9.0599999999998513       0.61074272412502462       0.70152124363508128       0.43184164525721730       -5.1683164674216888     
   9.0699999999998511       0.55954047543224639       0.74470344049979331       0.45936633438752472       -5.1659489734183435     
   9.0799999999998509       0.50560491478250658       0.78423733005168672       0.48687802368985933       -5.1634352853466181     
   9.0899999999998506       0.44921237960710531       0.81994968767611065       0.51437593464490783       -5.1607754749002179     
   9.0999999999998504       0.39064994294760202       0.85169062106378002       0.54185928913246195       -5.1579696179398642     
   9.1099999999998502       0.33021312946724385       0.87933411544036055       0.56932730945395216       -5.1550177944910409     
   9.1199999999998500       0.26820363740120573       0.90277831872679137       0.59677921835496750       -5.1519200887416154     
   9.1299999999998498       0.20492709976293028       0.92194557752673312       0.62421423904776108       -5.1486765890393347     
   9.1399999999998496       0.14069091485426269       0.93678223934301219       0.65163159523374037       -5.1452873878891987     
   9.1499999999998494        7.5802172276064186E-002  0.94725824010280191       0.67903051112594159       -5.1417525819507084     
   9.1599999999998492        1.0565696402641222E-002  0.95336649886881530       0.70641021147148786       -5.1380722720349867     
   9.1699999999998489       -5.4717775138679287E-002  0.95512214352437763       0.73376992157402998       -5.1342465631017795     
   9.1799999999998487      -0.11975326487389860       0.95256159227777781       0.76110886731616967       -5.1302755642563271     
   9.1899999999998485      -0.18425307195313015       0.94574151610262724       0.78842627518186437       -5.1261593887461165     
   9.1999999999998483      -0.24793812687924593       0.93473770680749657       0.81572137227881292       -5.1218981539575061     
   9.2099999999998481      -0.31053918333272978       0.91964387441722995       0.84299338636082133       -5.1174919814122273     
   9.2199999999998479      -0.37179784913867475       0.90057039606528178       0.87024154585014835       -5.1129409967637622     
   9.2299999999998477      -0.43146746115316886       0.87764303675717825       0.89746507985982960       -5.1082453297935979     
   9.2399999999998474      -0.48931381108761002       0.85100166028071234       0.92466321821598019       -5.1034051144073569     
   9.2499999999998472      -0.54511573104831179       0.82079894631024586       0.95183519148007467       -5.0984204886308033     
   9.2599999999998470      -0.59866554886952339       0.78719912746961629       0.97898023097120379       -5.0932915946057271     
   9.2699999999998468      -0.64976942419757489       0.75037675785567537        1.0060975687883074       -5.0880185785857028     
   9.2799999999998466      -0.69824757678749116       0.71051552234284265        1.0331864378323827       -5.0826015909317279     
   9.2899999999998464      -0.74393441865096122       0.66780709393440085        1.0602460718286681       -5.0770407861077365     
   9.2999999999998462      -0.78667860159740932       0.62245004453147501        1.0872757053487998       -5.0713363226759895     
   9.3099999999998460      -0.82634299138857203       0.57464881277678881        1.1142745738329425       -5.0654883632923449     
   9.3199999999998457      -0.86280457922911136       0.52461273110830797        1.1412419136118930       -5.0594970747014019     
   9.3299999999998455      -0.89595434068497337       0.47255511283034796        1.1681769619291560       -5.0533626277315271     
   9.3399999999998453      -0.92569705139612268       0.41869239887262999        1.1950789569629909       -5.0470851972897544     
   9.3499999999998451      -0.95195106816435138       0.36324336295215376        1.2219471378484299       -5.0406649623565647     
   9.3599999999998449      -0.97464808317814378       0.30642837306615950        1.2487807446992658       -5.0341021059805460     
   9.3699999999998447      -0.99373285830798819       0.24846870661219739        1.2755790186300100       -5.0273968152729278     
   9.3799999999998445       -1.0091629455851745       0.18958591593754895        1.3023412017778189       -5.0205492814019976     
   9.3899999999998442       -1.0209083991787791       0.13000124074876843        1.3290665373243891       -5.0135596995873950     
   9.3999999999998440       -1.0289514834191837        6.9935063547071186E-002   1.3557542695178197       -5.0064282690942843     
   9.4099999999998438       -1.0332863806888075        9.6064040816422683E-003   1.3824036436944431       -4.9991551932274074     
   9.4199999999998436       -1.0339189023157107       -5.0767551283221780E-002   1.4090139063006208       -4.9917406793250159     
   9.4299999999998434       -1.0308662049651136      -0.11097188942241072        1.4355843049145067       -4.9841849387526835     
   9.4399999999998432       -1.0241565144276228      -0.17079438363824018        1.4621140882677754       -4.9764881868969999     
   9.4499999999998430       -1.0138288581497275      -0.23002588422787512        1.4886025062673158       -4.9686506431591422     
   9.4599999999998428      -0.99993280733956491      -0.28846069037135375        1.5150488100168893       -4.9606725309483286     
   9.4699999999998425      -0.98252822900606218      -0.34589690714766352        1.5414522518387519       -4.9525540776751562     
   9.4799999999998423      -0.96168504784896913      -0.40213679132722446        1.5678120852952409       -4.9442955147448160     
   9.4899999999998421      -0.93748301750748098      -0.45698708940859240        1.5941275652103237       -4.9358970775501936     
   9.4999999999998419      -0.91001150029265510      -0.51025937116767550        1.6203979476911112       -4.9273590054648517     
   9.5099999999998417      -0.87936925417043676      -0.56177036177063899        1.6466224901493318       -4.9186815418358965     
   9.5199999999998415      -0.84566422542500208      -0.61134227526736029        1.6728004513227690       -4.9098649339767260     
   9.5299999999998413      -0.80901334511400702      -0.65880315203035666        1.6989310912966602       -4.9009094331596668     
   9.5399999999998411      -0.76954232712656379      -0.70398720243340585        1.7250136715250566       -4.8918152946084934     
   9.5499999999998408      -0.72738546537046966      -0.74673515877293051        1.7510474548521442       -4.8825827774908355     
   9.5599999999998406      -0.68268542734738480      -0.78689463712153784        1.7770317055335252       -4.8732121449104726     
   9.5699999999998404      -0.63559304112423132      -0.82432051046460031        1.8029656892574586       -4.8637036638995168     
   9.5799999999998402      -0.58626707247804788      -0.85887529410509900        1.8288486731660605       -4.8540576054104845     
   9.5899999999998400      -0.53487398878293546      -0.89042954392698825        1.8546799258764621       -4.8442742443082594     
   9.5999999999998398      -0.48158770602575285      -0.91886226768133661        1.8804587175019252       -4.8343538593619453     
   9.6099999999998396      -0.42658931518715126      -0.94406134900137806        1.9061843196729134       -4.8242967332366131     
   9.6199999999998393      -0.37006678411273869      -0.96592398336219121        1.9318560055581189       -4.8141031524849405     
   9.6299999999998391      -0.31221463093294610      -0.98435712467900172        1.9574730498854418       -4.8037734075387455     
   9.6399999999998389      -0.25323356507764161      -0.99927794068747666        1.9830347289629211       -4.7933077927004151     
   9.6499999999998387      -0.19333009198134027       -1.0106142746738676        2.0085403206996153       -4.7827066061342283     
   9.6599999999998385      -0.13271607769583141       -1.0183051105282874        2.0339891046264293       -4.7719701498575766     
   9.6699999999998383       -7.1608269827803689E-002  -1.0223010374885024        2.0593803619168880       -4.7610987297320762     
   9.6799999999998381       -1.0227771507481255E-002  -1.0225647103340345        2.0847133754078504       -4.7500926554545773     
   9.6899999999998379        5.1200534523013923E-002  -1.0190713001925962        2.1099874296201642       -4.7389522405480635     
   9.6999999999998376       0.11244861413118025       -1.0118089305460820        2.1352018107792574       -4.7276778023524457     
   9.7099999999998374       0.17328596417225417       -1.0007790924860069        2.1603558068356654       -4.7162696620152422     
   9.7199999999998372       0.23348035018731211      -0.98599703278387407        2.1854487074854898       -4.7047281444821492     
   9.7299999999998370       0.29279859980512407      -0.96749210792636564        2.2104798041907903       -4.6930535784874916     
   9.7399999999998368       0.35100745136342049      -0.94530809693429196        2.2354483901999038       -4.6812462965445585     
   9.7499999999998366       0.40787445632007924      -0.91950346555304541        2.2603537605676962       -4.6693066349358148     
   9.7599999999998364       0.46316893301740458      -0.89015157428479996        2.2851952121757408       -4.6572349337029912     
   9.7699999999998361       0.51666296831100100      -0.85734082274105150        2.3099720437524289       -4.6450315366370436     
   9.7799999999998359       0.56813246249894001      -0.82117472293829263        2.3346835558930104       -4.6326967912679882     
   9.7899999999998357       0.61735821190876394      -0.78177189444710382        2.3593290510795679       -4.6202310488546061     
   9.7999999999998355       0.66412702244196098      -0.73926597474034839        2.3839078337009267       -4.6076346643740171     
   9.8099999999998353       0.70823284636053818      -0.69380543867111866        2.4084192100725015       -4.5949079965111252     
   9.8199999999998351       0.74947793365031112      -0.64555332174412894        2.4328624884560828       -4.5820514076479366     
   9.8299999999998349       0.78767398843160941      -0.59468684272078143        2.4572369790795650       -4.5690652638527531     
   9.8399999999998347       0.82264332013005048      -0.54139692211038415        2.4815419941566184       -4.5559499348692398     
   9.8499999999998344       0.85421997848619158      -0.48588759423709416        2.5057768479063061       -4.5427057941053750     
   9.8599999999998342       0.88225086099003813      -0.42837531182013405        2.5299408565726478       -4.5293332186222832     
   9.8699999999998340       0.90659678098977936      -0.36908814334671181        2.5540333384441283       -4.5158325891229527     
   9.8799999999998338       0.92713348455723865      -0.30826486493296185        2.5780536138731547       -4.5022042899408472     
   9.8899999999998336       0.94375260420691798      -0.24615394983543989        2.6020010052954579       -4.4884487090284084     
   9.8999999999998334       0.95636253777041480      -0.18301246026898144        2.6258748372494400       -4.4745662379454538     
   9.9099999999998332       0.96488924112983243      -0.11910484767854032        2.6496744363954661       -4.4605572718474766     
   9.9199999999998330       0.96927692411564581       -5.4701669073573003E-002   2.6733991315350978       -4.4464222094738437     
   9.9299999999998327       0.96948863967540433        9.9217715670426119E-003   2.6970482536302689       -4.4321614531358966     
   9.9399999999998325       0.96550675741420222        7.4486846504907972E-002   2.7206211358223995       -4.4177754087049577     
   9.9499999999998323       0.95733331378559128       0.13871308056924744        2.7441171134514475       -4.4032644856002392     
   9.9599999999998321       0.94499023255688386       0.20231966807422433        2.7675355240748969       -4.3886290967766595     
   9.9699999999998319       0.92851941066465271       0.26502701695072545        2.7908757074866810       -4.3738696587125645     
   9.9799999999998317       0.90798266618869594       0.32655830607320357        2.8141370057360375       -4.3589865913973531     
   9.9899999999998315       0.88346154687528455       0.38664104134307675        2.8373187631462957       -4.3439803183190122     
   9.9999999999998312       0.85505699939886892       0.44500859591009373        2.8604203263335943       -4.3288512664515544     
   10.009999999999831       0.82288890132856096       0.50140171998032068        2.8834410442255280       -4.3135998662423614     
   10.019999999999831       0.78709545952304227       0.55557000597572803        2.9063802680797233       -4.2982265515994351     
   10.029999999999831       0.74783248037625705       0.60727329537064845        2.9292373515023398       -4.2827317598785530     
   10.039999999999830       0.70527251893864484       0.65628301432269243        2.9520116504665004       -4.2671159318703271     
   10.049999999999830       0.65960391540957175       0.70238342622159577        2.9747025233306452       -4.2513795117871691     
   10.059999999999830       0.61102972880459294       0.74537279047456817        2.9973093308568108       -4.2355229472501597     
   10.069999999999830       0.55976657871965063       0.78506441820162265        3.0198314362288348       -4.2195466892758233     
   10.079999999999830       0.50604340702243300       0.82128761699572028        3.0422682050704837       -4.2034511922628059     
   10.089999999999829       0.45010017198440028       0.85388851847426339        3.0646190054635034       -4.1872369139784595     
   10.099999999999829       0.39218648781761556       0.88273078397298455        3.0868832079655935       -4.1709043155453287     
   10.109999999999829       0.33256022279742270       0.90769618537298036        3.1090601856283024       -4.1544538614275446     
   10.119999999999829       0.27148606914059364       0.92868505967009263        3.1311493140148463       -4.1378860194171230     
   10.129999999999828       0.20923409758021919       0.94561663745895508        3.1531499712178466       -4.1212012606201665     
   10.139999999999828       0.14607830915001055       0.95842924698108434        3.1750615378769900       -4.1044000594429724     
   10.149999999999828        8.2295196082880342E-002  0.96708039675083934        3.1968833971966091       -4.0874828935780485     
   10.159999999999828        1.8162322966151240E-002  0.97154674100311389        3.2186149349631812       -4.0704502439900319     
   10.169999999999828       -4.6043061594675402E-002  0.97182393328556815        3.2402555395627477       -4.0533025949015169     
   10.179999999999827      -0.11004537354184239       0.96792637443458940        3.2618046019982527       -4.0360404337787870     
   10.189999999999827      -0.17357199396072567       0.95988686192168360        3.2832615159067995       -4.0186642513174560     
   10.199999999999827      -0.23635451460951898       0.94775614813418529        3.3046256775768246       -4.0011745414280151     
   10.209999999999827      -0.29812992241024006       0.93160241556402001        3.3258964859651905       -3.9835718012212906     
   10.219999999999827      -0.35864171804310779       0.91151067712764000        3.3470733427141952       -3.9658565309938068     
   10.229999999999826      -0.41764096487245911       0.88758210993932063        3.3681556521684977       -3.9480292342130592     
   10.239999999999826      -0.47488726547079291       0.85993333082150103        3.3891428213919603       -3.9300904175026981     
   10.249999999999826      -0.53014966398258401       0.82869562167444122        3.4100342601844069       -3.9120405906276194     
   10.259999999999826      -0.58320747346874924       0.79401411255910270        3.4308293810982957       -3.8938802664789685     
   10.269999999999825      -0.63385102818676164       0.75604692998844547        3.4515275994553081       -3.8756099610590526     
   10.279999999999825      -0.68188236148409409       0.71496431749001133        3.4721283333628503       -3.8572301934661661     
   10.289999999999825      -0.72711581061038866       0.67094773501312621        3.4926310037304709       -3.8387414858793263     
   10.299999999999825      -0.76937855028543878       0.62418894322296703        3.5130350342861898       -3.8201443635429215     
   10.309999999999825      -0.80851105729684103       0.57488907816573565        3.5333398515927414       -3.8014393547512730     
   10.319999999999824      -0.84436750874594524       0.52325772121765290        3.5535448850637308       -3.7826269908331094     
   10.329999999999824      -0.87681611681791116       0.46951196865741773        3.5736495669797002       -3.7637078061359541     
   10.339999999999824      -0.90573940312682222       0.41387550463769207        3.5936533325041089       -3.7446823380104286     
   10.349999999999824      -0.93103441578630597       0.35657768078510577        3.6135556196992247       -3.7255511267944694     
   10.359999999999824      -0.95261289238693891       0.29785260513780365        3.6333558695419241       -3.7063147157974599     
   10.369999999999823      -0.97040137203115151       0.23793824264086993        3.6530535259394044       -3.6869736512842790     
   10.379999999999823      -0.98434125949180817       0.17707552896796674        3.6726480357448059       -3.6675284824592662     
   10.389999999999823      -0.99438884442946895       0.11550749902594772        3.6921388487727431       -3.6479797614501019     
   10.399999999999823       -1.0005152784327125        5.3478431130748197E-002   3.7115254178147445       -3.6283280432916070     
   10.409999999999823       -1.0027065124427084       -8.7669924806990738E-003   3.7308071986546025       -3.6085738859094580     
   10.419999999999822       -1.0009631968940045       -7.0984508415402617E-002   3.7499836500836308       -3.5887178501038233     
   10.429999999999822      -0.99530054665440271      -0.13293107801031612        3.7690542339158299       -3.5687604995329152     
   10.439999999999822      -0.98574817258357994      -0.19436567636880631        3.7880184150029601       -3.5487024006964645     
   10.449999999999822      -0.97234988125813893      -0.25505006471660546        3.8068756612495220       -3.5285441229191119     
   10.459999999999821      -0.95516344413501975      -0.31474954634123542        3.8256254436276445       -3.5082862383337221     
   10.469999999999821      -0.93426033715032342      -0.37323370643036968        3.8442672361918775       -3.4879293218646170     
   10.479999999999821      -0.90972545148093986      -0.43027713613396590        3.8628005160938934       -3.4674739512107320     
   10.489999999999821      -0.88165677593604430      -0.48566014114378508        3.8812247635970931       -3.4469207068286924     
   10.499999999999821      -0.85016505119843355      -0.53916943501378900        3.8995394620911186       -3.4262701719158146     
   10.509999999999820      -0.81537339590559166      -0.59059881733767738        3.9177440981062706       -3.4055229323930272     
   10.519999999999820      -0.77741690435096367      -0.63974983675743591        3.9358381613278324       -3.3846795768877178     
   10.529999999999820      -0.73644221540079802      -0.68643243860132797        3.9538211446102989       -3.3637406967165044     
   10.539999999999820      -0.69260705206467421      -0.73046559674358802        3.9716925439915105       -3.3427068858679290     
   10.549999999999820      -0.64607973103204996      -0.77167792904374000        3.9894518587066932       -3.3215787409850779     
   10.559999999999819      -0.59703864139642560      -0.80990829546385290        4.0070985912024026       -3.3003568613481287     
   10.569999999999819      -0.54567169173660368      -0.84500637768044407        4.0246322471503753       -3.2790418488568225     
   10.579999999999819      -0.49217572471455329      -0.87683323870789920        4.0420523354612827       -3.2576343080128636     
   10.589999999999819      -0.43675589838500450      -0.90526186073650317        4.0593583682983940       -3.2361348459022476     
   10.599999999999818      -0.37962503349636262      -0.93017765906541527        4.0765498610911424       -3.2145440721775187     
   10.609999999999818      -0.32100292619881915      -0.95147896968484658        4.0936263325485980       -3.1928625990399553     
   10.619999999999818      -0.26111562576621883      -0.96907750773875734        4.1105873046728467       -3.1710910412216879     
   10.629999999999818      -0.20019467718530126      -0.98289879378690248        4.1274323027722764       -3.1492300159677482     
   10.639999999999818      -0.13847632877059343      -0.99288254449118085        4.1441608554747678       -3.1272801430180515     
   10.649999999999817       -7.6200705325715060E-002 -0.99898302408503892        4.1607724947407947       -3.1052420445893127     
   10.659999999999817       -1.3610947791182005E-002  -1.0011693527559977        4.1772667558764285       -3.0831163453568995     
   10.669999999999817        4.9047679207513344E-002 -0.99942576789076376        4.1936431775462504       -3.0609036724366208     
   10.679999999999817       0.11152870997388975      -0.99375183401091671        4.2099013017861697       -3.0386046553664552     
   10.689999999999817       0.17358542801096899      -0.98416259717613952        4.2260406740161480       -3.0162199260882199     
   10.699999999999816       0.23497184083907580      -0.97068867966252159        4.2420608430528270       -2.9937501189291811     
   10.709999999999816       0.29544367562300644      -0.95337631084617691        4.2579613611220619       -2.9711958705836077     
   10.719999999999816       0.35475939122974620      -0.93228729044661318        4.2737417838713547       -2.9485578200942708     
   10.729999999999816       0.41268120170017747      -0.90749888061744288        4.2894016703821896       -2.9258366088338899     
   10.739999999999815       0.46897610550101165      -0.87910362381900264        4.3049405831822645       -2.9030328804865251     
   10.749999999999815       0.52341691434563276      -0.84720908396972916        4.3203580882576187       -2.8801472810289193     
   10.759999999999815       0.57578327485499925      -0.81193750904811224        4.3356537550646497       -2.8571804587117873     
   10.769999999999815       0.62586267589302558      -0.77342541409738685        4.3508271565420227       -2.8341330640410547     
   10.779999999999815       0.67345143407534924      -0.73182308445839139        4.3658778691224622       -2.8110057497590435     
   10.789999999999814       0.71835564973500199      -0.68729400000455387        4.3808054727444272       -2.7877991708256040     
   10.799999999999814       0.76039212554957170      -0.64001418215413730        4.3956095508636652       -2.7645139843991924     
   10.809999999999814       0.79938924010454770      -0.59017146646177299        4.4102896904646407       -2.7411508498178900     
   10.819999999999814       0.83518776889446611      -0.53796470461384238        4.4248454820718415       -2.7177104285803635     
   10.829999999999814       0.86764164564930868      -0.48360290063862416        4.4392765197609565       -2.6941933843267623     
   10.839999999999813       0.89661865741418478      -0.42730428706053547        4.4535824011699274       -2.6706003828195510     
   10.849999999999813       0.92200106749497268      -0.36929534754836690        4.4677627275098724       -2.6469320919242763     
   10.859999999999813       0.94368616119438720      -0.30980979330392289        4.4818171035758869       -2.6231891815902619     
   10.869999999999813       0.96158671017936248      -0.24908750098892504        4.4957451377577211       -2.5993723238312372     
   10.879999999999812       0.97563135231470077      -0.18737342037976654        4.5095464420503353       -2.5754821927058926     
   10.889999999999812       0.98576488483961977      -0.12491646016406896        4.5232206320643389       -2.5515194642983658     
   10.899999999999812       0.99194846982174745       -6.1968360349442739E-002   4.5367673270363174       -2.5274848166986574     
   10.909999999999812       0.99415975186623662        1.2174403504632591E-003   4.5501861498390443       -2.5033789299829796     
   10.919999999999812       0.99239288905697287        6.4386934042601499E-002   4.5634767269915884       -2.4792024861940378     
   10.929999999999811       0.98665849903668912       0.12728666237189629        4.5766386886693144       -2.4549561693212500     
   10.939999999999811       0.97698352297198832       0.18966481720826567        4.5896716687137813       -2.4306406652809054     
   10.949999999999811       0.96341101088173164       0.25127231667363459        4.6025753046425368       -2.4062566618962635     
   10.959999999999811       0.94599983242225216       0.31186385053813120        4.6153492376588146       -2.3818048488776014     
   10.969999999999811       0.92482431771492402       0.37119888971811743        4.6279931126611302       -2.3572859178022059     
   10.979999999999810       0.89997383317010204       0.42904265533513530        4.6405065782527766       -2.3327005620943200     
   10.989999999999810       0.87155229750987917       0.48516704352449486        4.6528892867512219       -2.3080494770050390     
   10.999999999999810       0.83967764332743910       0.53935150289767053        4.6651408941974060       -2.2833333595921648     
   11.009999999999810       0.80448122955257961       0.59138386224911299        4.6772610603649358       -2.2585529087000138     
   11.019999999999810       0.76610721013262639       0.64106110674342942        4.6892494487691785       -2.2337088249391872     
   11.029999999999809       0.72471186409793320       0.68819010141372183        4.7011057266762517       -2.2088018106662974     
   11.039999999999809       0.68046289197441667       0.73258826133931210        4.7128295651119103       -2.1838325699636578     
   11.049999999999809       0.63353868324501750       0.77408416834655658        4.7244206388703276       -2.1588018086189327     
   11.059999999999809       0.58412755926007620       0.81251813448745791        4.7358786265227693       -2.1337102341047496     
   11.069999999999808       0.53242699566509843       0.84774271289659253        4.7472032104261617       -2.1085585555582749     
   11.079999999999808       0.47864282806406433       0.87962315690826565        4.7583940767315500       -2.0833474837607513     
   11.089999999999808       0.42298844427706805       0.90803782853478954        4.7694509153924498       -2.0580777311169998     
   11.099999999999808       0.36568396619131571       0.93287855756632876        4.7803734201730856       -2.0327500116348847     
   11.109999999999808       0.30695542385192437       0.95405095265659123        4.7911612886565216       -2.0073650409047428     
   11.119999999999807       0.24703392410004735       0.97147466581102537        4.8018142222526778       -1.9819235360787770     
   11.129999999999807       0.18615481574609788       0.98508361169974501        4.8123319262062383       -1.9564262158504144     
   11.139999999999807       0.12455685296982601       0.99482614318100104        4.8227141096044432       -1.9308738004336286     
   11.149999999999807        6.2481358370459927E-002   1.0006651843476266        4.8329604853847714       -1.9052670115422274     
   11.159999999999807        1.7138685204455044E-004   1.0025783223034943        4.8430707703425080       -1.8796065723691069     
   11.169999999999806       -6.2129108676166375E-002   1.0005578587446031        4.8530446851381974       -1.8538932075654688     
   11.179999999999806      -0.12417610897511806       0.99461082226482844        4.8628819543049859       -1.8281276432200066     
   11.189999999999806      -0.18572635685289077       0.98475894213439696        4.8725823062558469       -1.8023106068380568     
   11.199999999999806      -0.24653818166709340       0.97103858411443145        4.8821454732906933       -1.7764428273207169     
   11.209999999999805      -0.30637231943770676       0.95350064867798801        4.8915711916033748       -1.7505250349439316     
   11.219999999999805      -0.36499272807916022       0.93221043181129992        4.9008592012885632       -1.7245579613375464     
   11.229999999999805      -0.42216739724711461       0.90724744837278704        4.9100092463485181       -1.6985423394643293     
   11.239999999999805      -0.47766915224545864       0.87870521779605004        4.9190210746997405       -1.6724789035989625     
   11.249999999999805      -0.53127645135313417       0.84669101174075978        4.9278944381795124       -1.6463683893070014     
   11.259999999999804      -0.58277417580959057       0.81132556312625992        4.9366290925523195       -1.6202115334238059     
   11.269999999999804      -0.63195441154323895       0.77274273583099284        4.9452247975161567       -1.5940090740334407     
   11.279999999999804      -0.67861722154085957       0.73108915421070553        4.9536813167087228       -1.5677617504475474     
   11.289999999999804      -0.72257140753950155       0.68652379148394982        4.9619984177134953       -1.5414703031841872     
   11.299999999999804      -0.76363525947839539       0.63921751595881338        4.9701758720656919       -1.5151354739466574     
   11.309999999999803      -0.80163729087961944       0.58935259403421769        4.9782134552581150       -1.4887580056022796     
   11.319999999999803      -0.83641695803606653       0.53712214890654009        4.9861109467468809       -1.4623386421611619     
   11.329999999999803      -0.86782536057754434       0.48272957395168631        4.9938681299570336       -1.4358781287549351     
   11.339999999999803      -0.89572592066511292       0.42638789983778824        5.0014847922880410       -1.4093772116154630     
   11.349999999999802      -0.91999503773515878       0.36831911455789401        5.0089607251191772       -1.3828366380535289     
   11.359999999999802      -0.94052271538404242       0.30875343575843639        5.0162957238147872       -1.3562571564374972     
   11.369999999999802      -0.95721315665794937       0.24792853498049944        5.0234895877294337       -1.3296395161719525     
   11.379999999999802      -0.96998532369801937       0.18608871372891186        5.0305421202129308       -1.3029844676763149     
   11.389999999999802      -0.97877345739579369       0.12348403164015538        5.0374531286152600       -1.2762927623634335     
   11.399999999999801      -0.98352755244697931        6.0369387434230704E-002   5.0442224242913687       -1.2495651526181581     
   11.409999999999801      -0.98421378296148532       -2.9964461928849522E-003   5.0508498226058531       -1.2228023917758910     
   11.419999999999801      -0.98081487360404318       -6.6351832052846324E-002   5.0573351429375251       -1.1960052341011165     
   11.429999999999801      -0.97333041111212881      -0.12943332006287964        5.0636782086838608       -1.1691744347659123     
   11.439999999999801      -0.96177709097604458      -0.19197673807133012        5.0698788472653336       -1.1423107498284413     
   11.449999999999800      -0.94618889407938722      -0.25371831835926284        5.0759368901296309       -1.1154149362114245     
   11.459999999999800      -0.92661718819572814      -0.31439585557038197        5.0818521727557524       -1.0884877516805966     
   11.469999999999800      -0.90313074942738514      -0.37374989110427387        5.0876245346579934       -1.0615299548231438     
   11.479999999999800      -0.87581569896175160      -0.43152491828165440        5.0932538193898091       -1.0345423050261253     
   11.489999999999799      -0.84477535091536715      -0.48747060186858787        5.0987398745475652       -1.0075255624548782     
   11.499999999999799      -0.81012996753950428      -0.54134300484471465        5.1040825517741677      -0.98048048803140719     
   11.509999999999799      -0.77201641867504589      -0.59290581463480130        5.1092817067625784      -0.95340784341275919     
   11.519999999999799      -0.73058774306784757      -0.64193156041077259        5.1143371992592135      -0.92630839096938367     
   11.529999999999799      -0.68601260998481706      -0.68820281253068549        5.1192488930672244      -0.89918289376347871     
   11.539999999999798      -0.63847468049877221      -0.73151335472981394        5.1240166560496618      -0.87203211552732429     
   11.549999999999798      -0.58817186882678152      -0.77166931933458616        5.1286403601325246      -0.84485682064160206     
   11.559999999999798      -0.53531550519898030      -0.80849027554895281        5.1331198813076906      -0.81765777411370344     
   11.569999999999798      -0.48012940288652856      -0.84181026077957000        5.1374550996357309      -0.79043574155602558     
   11.579999999999798      -0.42284883320928546      -0.87147874503336287        5.1416458992486094      -0.76319148916425605     
   11.589999999999797      -0.36371941355422949      -0.89736151864809954        5.1456921683522641      -0.73592578369564665     
   11.599999999999797      -0.30299591464089565      -0.91934149400962539        5.1495937992290743      -0.70863939244727681     
   11.609999999999797      -0.24094099444489997      -0.93731941247056116        5.1533506882402120      -0.68133308323430730     
   11.619999999999797      -0.17782386730896768      -0.95121444841250735        5.1569627358278787      -0.65400762436822424     
   11.629999999999797      -0.11391891780676963      -0.96096470328063321        5.1604298465174248      -0.62666378463507411     
   11.639999999999796       -4.9504269853121174E-002 -0.96652758345500767        5.1637519289193587      -0.59930233327369031     
   11.649999999999796        1.5139677648801475E-002 -0.96788005699184521        5.1669288957312389      -0.57192403995391172     
   11.659999999999796        7.9731736687649629E-002 -0.96501878555065879        5.1699606637394551      -0.54452967475479341     
   11.669999999999796       0.14399142514097066      -0.95796012919723783        5.1728471538208955      -0.51712000814281089     
   11.679999999999795       0.20764045818758398      -0.94674002321158623        5.1755882909445043      -0.48969581095005749     
   11.689999999999795       0.27040422333608399      -0.93141372750648954        5.1781840041727252      -0.46225785435243638     
   11.699999999999795       0.33201322637094122      -0.91205545074696071        5.1806342266628373      -0.43480690984784759     
   11.709999999999795       0.39220449581652278      -0.88875785272378971        5.1829388956681814      -0.40734374923437100     
   11.719999999999795       0.45072293401149160      -0.86163142994669817        5.1850979525392775      -0.37986914458844656     
   11.729999999999794       0.50732260356192660      -0.83080379075652033        5.1871113427248350      -0.35238386824305251     
   11.739999999999794       0.56176793878734010      -0.79641882748600679        5.1889790157726550      -0.32488869276588328     
   11.749999999999794       0.61383487277203563      -0.75863579430284955        5.1907009253304270      -0.29738439093752866     
   11.759999999999794       0.66331187176432915      -0.71762830032742875        5.1922770291464184      -0.26987173572965562     
   11.769999999999794       0.71000086990502098      -0.67358322841654816        5.1937072890700593      -0.24235150028319488     
   11.779999999999793       0.75371809858942596      -0.62669959063208902        5.1949916710524207      -0.21482445788653431     
   11.789999999999793       0.79429480614849912      -0.57718733186320359        5.1961301451465820      -0.18729138195372100     
   11.799999999999793       0.83157786494801456      -0.52526609333946439        5.1971226855078951      -0.15975304600267437     
   11.809999999999793       0.86543026442441495      -0.47116394786104271        5.1979692703941351      -0.13221022363341237     
   11.819999999999792       0.89573148997656671      -0.41511611848457569        5.1986698821655386      -0.10466368850629248     
   11.829999999999792       0.92237778898998524      -0.35736369214688890        5.1992245072847290       -7.7114214320269603E-002
   11.839999999999792       0.94528232656129929      -0.29815233929267215        5.1996331363165229       -4.9562574791171786E-002
   11.849999999999792       0.96437523469465269      -0.23773105000824665        5.1998957639276160       -2.2009543629995010E-002
   11.859999999999792       0.97960355983925629      -0.17635089646529847        5.2000123888861429        5.5441054787827362E-003
   11.869999999999791       0.99093111461157324      -0.11426383066120344        5.1999830140611119        3.3097598898868166E-002
   11.879999999999791       0.99833824038248464       -5.1721525523266143E-002   5.1998076464217071        6.0650163063800916E-002
   11.889999999999791        1.0018214880980851        1.1025733558674904E-002   5.1994862970364606        8.8201024498584454E-002
   11.899999999999791        1.0013932252347166        7.3730100773318069E-002   5.1990189810722862       0.11574940984130135     
   11.909999999999791       0.99708117716033462       0.13614716061356230        5.1984057177933796       0.14329454586471485     
   11.919999999999790       0.98892791138505332       0.19803685352669934        5.1976465305599815       0.17083565949785884     
   11.929999999999790       0.97699027323740173       0.25916433385546372        5.1967414468270059       0.19837197784761826     
   11.939999999999790       0.96133878140692963       0.31930075853737844        5.1956904981425325       0.22590272822030208     
   11.949999999999790       0.94205699155935352       0.37822400608387730        5.1944937201461689       0.25342713814321033     
   11.959999999999789       0.91924083587151262       0.43571932634760702        5.1931511525672818       0.28094443538619623     
   11.969999999999789       0.89299794586655123       0.49157992248859966        5.1916628392231017       0.30845384798322478     
   11.979999999999789       0.86344696537321108       0.54560746735340748        5.1900288280167066       0.33595460425392715     
   11.989999999999789       0.83071685980610910       0.59761255717532669        5.1882491709348830       0.36344593282515125     
   11.999999999999789       0.79494622728575814       0.64741510608206898        5.1863239240458716       0.39092706265250760     
